date,"log_change, 1D","pct_change, 1D","diff_change, 1D","classical, 11D","ewm, 11D","parkinson, 11D","garman-klass, 11D","rogers-satchell, 11D","yang-zhang, 11D","classical, 21D","ewm, 21D","parkinson, 21D","garman-klass, 21D","rogers-satchell, 21D","yang-zhang, 21D","classical, 63D","ewm, 63D","parkinson, 63D","garman-klass, 63D","rogers-satchell, 63D","yang-zhang, 63D","classical, 126D","ewm, 126D","parkinson, 126D","garman-klass, 126D","rogers-satchell, 126D","yang-zhang, 126D","classical, 252D","ewm, 252D","parkinson, 252D","garman-klass, 252D","rogers-satchell, 252D","yang-zhang, 252D"
2024-06-03 16:00:00-04:00,-0.006533346,-0.00651205,-1.050003052,0.23072875,0.243575825,0.186282115,0.18499295,0.182981328,0.199725873,0.192306873,0.223235086,0.170127397,0.173123469,0.173035273,0.183995484,0.21613317,0.210184303,0.192359746,0.187702606,0.187235352,0.203845599,0.184922102,0.199611479,0.179367847,0.179836342,0.180253551,0.192801602,0.18310839,0.195853209,0.175282091,0.178658122,0.181659759,0.197387549
2024-06-04 16:00:00-04:00,0.01209953,0.012173025,1.949996948,0.230060474,0.232661496,0.190865562,0.18884998,0.185414033,0.198699072,0.185811611,0.220608974,0.168704994,0.172741493,0.173147665,0.183368306,0.216196827,0.209949958,0.19330913,0.188692062,0.188102938,0.204539325,0.185382087,0.199522742,0.179756935,0.180139723,0.180469056,0.193052675,0.18180161,0.195791868,0.174969879,0.178665443,0.181793962,0.197344047
2024-06-05 16:00:00-04:00,0.02014845,0.0203528,3.300003052,0.247920554,0.237826666,0.199221264,0.196838672,0.192426373,0.207893846,0.197503747,0.228934726,0.169281402,0.171723701,0.170094845,0.181776916,0.21919136,0.214386634,0.193436229,0.188789328,0.188083138,0.204511433,0.187243024,0.201930741,0.180369263,0.180531261,0.180541017,0.193345807,0.182822439,0.197004258,0.175305219,0.178863374,0.181877084,0.197536077
2024-06-06 16:00:00-04:00,0.018742531,0.018919275,3.130004883,0.255405283,0.231533182,0.20648501,0.204394069,0.200100591,0.210893307,0.206854201,0.230995985,0.176456824,0.177387746,0.175024644,0.186464335,0.22279334,0.217180002,0.195240373,0.190292804,0.189310802,0.205647965,0.188858966,0.203632666,0.181279505,0.181088428,0.180842013,0.193814963,0.183327751,0.197901724,0.175595082,0.179131517,0.182099516,0.19770655
2024-06-07 16:00:00-04:00,0.005029691,0.005042361,0.849990845,0.22291501,0.212128396,0.205119906,0.205576702,0.202314213,0.208197136,0.199987194,0.220293766,0.174916931,0.17662579,0.174692283,0.185439293,0.222408393,0.214074837,0.19472119,0.189629202,0.187877364,0.204303072,0.188272791,0.202210881,0.181220327,0.181247556,0.181030274,0.193904167,0.1832433,0.197215264,0.175391073,0.178997655,0.182013046,0.197550955
2024-06-10 16:00:00-04:00,0.006119876,0.006138641,1.040008545,0.21055532,0.193822315,0.207545078,0.207852872,0.205059834,0.209111949,0.200052243,0.210246193,0.178123319,0.180147552,0.178605544,0.188702755,0.222600014,0.211187063,0.194886795,0.189752754,0.187818142,0.204303222,0.187912831,0.200899802,0.180936814,0.180707003,0.180012368,0.192854792,0.183168564,0.196584339,0.1755314,0.179131892,0.182137822,0.19766705
2024-06-11 16:00:00-04:00,-0.016324054,-0.016191539,-2.760009766,0.228865528,0.22949126,0.210058594,0.207951378,0.204060605,0.210225881,0.210864614,0.222492709,0.181934126,0.182482453,0.180036874,0.191182762,0.224187066,0.213478535,0.195076718,0.189275731,0.186506755,0.203477764,0.189237159,0.202184175,0.181275366,0.180832069,0.179972858,0.192983388,0.183962372,0.197270468,0.175664485,0.17908898,0.182011638,0.197654601
2024-06-12 16:00:00-04:00,-0.009646863,-0.009600481,-1.61000061,0.22639518,0.224380526,0.214025998,0.211969364,0.205628324,0.21186466,0.214608181,0.21954128,0.185737314,0.186294546,0.183166578,0.194082653,0.224642999,0.212045776,0.195635583,0.190469235,0.187838028,0.203731823,0.189064085,0.201598048,0.181785315,0.181326047,0.180173899,0.192831,0.18421895,0.197016086,0.175710241,0.179219231,0.182128987,0.197492958
2024-06-13 16:00:00-04:00,0.002825802,0.002829798,0.470001221,0.221567477,0.205095445,0.210674858,0.207029734,0.20075779,0.207024956,0.214658791,0.209439245,0.184381916,0.184277707,0.180293319,0.191504661,0.224120406,0.2088263,0.194822084,0.18939868,0.186789998,0.202855155,0.188278551,0.200064139,0.181037758,0.180471966,0.179233145,0.191982445,0.184199327,0.196263298,0.17575764,0.179307682,0.182243308,0.197566971
2024-06-14 16:00:00-04:00,0.01211412,0.012187793,2.029998779,0.222676671,0.19862401,0.211371261,0.207027505,0.199393239,0.206008119,0.213713274,0.205793841,0.185893699,0.185401972,0.181146024,0.191655232,0.222871592,0.208125438,0.195138026,0.189685973,0.18701246,0.202555572,0.188762693,0.199838932,0.181430996,0.180834277,0.179540693,0.192272096,0.183831979,0.196167879,0.175590036,0.179286704,0.182277265,0.197492105
2024-06-17 16:00:00-04:00,0.006444557,0.006465368,1.089996338,0.182952566,0.182427243,0.194091438,0.200053057,0.197443582,0.199706844,0.214334537,0.197106284,0.186374202,0.185730585,0.1811409,0.191677459,0.223180609,0.205464677,0.195717507,0.190313513,0.187609645,0.20280579,0.188884441,0.198599837,0.181592024,0.180959978,0.179442263,0.192238684,0.18387843,0.195564069,0.175817186,0.17957618,0.182553164,0.197690233
2024-06-18 16:00:00-04:00,0.009852343,0.009901037,1.680007935,0.174346261,0.170787051,0.185428765,0.187668771,0.181974494,0.183535665,0.212805597,0.190798493,0.188560733,0.188882716,0.184626193,0.19376425,0.22371313,0.203756238,0.196603911,0.191731177,0.189287336,0.204193629,0.189091968,0.197869249,0.18161524,0.180974299,0.179554513,0.192401849,0.183102637,0.195220321,0.175841867,0.179791971,0.182870991,0.197847112
2024-06-20 16:00:00-04:00,0.004483423,0.004493489,0.770004272,0.171561096,0.155916287,0.183404945,0.187641348,0.182958347,0.184105784,0.207960468,0.181983578,0.189901854,0.191298415,0.187357721,0.195386315,0.220757258,0.200757071,0.196148435,0.192070732,0.189919845,0.204341497,0.189018957,0.196439485,0.181568215,0.180859509,0.179433908,0.192055362,0.183003006,0.194519286,0.175830349,0.179772922,0.182828912,0.197474485
2024-06-21 16:00:00-04:00,-0.01016011,-0.01010867,-1.740005493,0.167340456,0.169647053,0.179724188,0.184038344,0.17999201,0.182266646,0.208112237,0.184968409,0.189875942,0.191742354,0.188131093,0.195312715,0.22114733,0.200150929,0.197137791,0.192805136,0.190443273,0.204965917,0.18968399,0.196113695,0.181975756,0.181039943,0.179524272,0.192313023,0.183170049,0.194357818,0.175801426,0.179539426,0.182389954,0.197040487
2024-06-24 16:00:00-04:00,0.013697682,0.013791925,2.350006104,0.156530639,0.170409521,0.168053915,0.174576361,0.171427206,0.173844745,0.194389544,0.184242534,0.189334848,0.191741355,0.18837874,0.193283984,0.22267109,0.200178877,0.197480511,0.19312829,0.190730419,0.205360076,0.189548944,0.196263937,0.181862837,0.181178708,0.179756591,0.192428728,0.18358411,0.194456336,0.175834769,0.179494213,0.182277657,0.197009943
2024-06-25 16:00:00-04:00,-0.011587107,-0.011520235,-1.990005493,0.168747231,0.183662224,0.168926359,0.174327687,0.172197918,0.176214245,0.197123229,0.189017453,0.189987449,0.192170833,0.189256376,0.194315685,0.223790135,0.200282692,0.198308752,0.194082007,0.191866732,0.206440891,0.190282339,0.196285036,0.182159366,0.181485976,0.180140637,0.192859934,0.183630177,0.194466787,0.175607338,0.179228432,0.181999278,0.196816254
2024-06-26 16:00:00-04:00,0.002339831,0.00234257,0.399993896,0.16665077,0.167736035,0.164917652,0.170191478,0.16842019,0.172659153,0.192951037,0.180229058,0.189178825,0.191577471,0.189358221,0.193890483,0.223702227,0.197167614,0.198689573,0.194520638,0.19246596,0.206944181,0.18920679,0.194760106,0.182018805,0.181480442,0.18028521,0.192878067,0.183448593,0.193710862,0.17543533,0.179051936,0.181773295,0.196636611
2024-06-27 16:00:00-04:00,-0.012700755,-0.012620441,-2.159988403,0.158193452,0.177164778,0.168423944,0.176021765,0.175729079,0.17827815,0.194697705,0.18509958,0.192187142,0.19401018,0.190575171,0.195238242,0.224533195,0.197761149,0.200163,0.195920937,0.193757518,0.208078061,0.190142727,0.195052003,0.182906574,0.182339008,0.1810974,0.193544497,0.183015429,0.193862888,0.175633388,0.179437089,0.182231862,0.196955208
2024-06-28 16:00:00-04:00,0.014860329,0.014971292,2.529998779,0.161271607,0.188459147,0.163980218,0.171004007,0.171243726,0.175665657,0.196131205,0.188544229,0.191745494,0.192443888,0.188831262,0.194532034,0.225763913,0.198685407,0.200675748,0.196475461,0.194301742,0.208780316,0.191168883,0.195588952,0.18329771,0.182774067,0.18153622,0.193988941,0.183521028,0.194140107,0.175617076,0.179328998,0.182043554,0.196903106
2024-07-01 16:00:00-04:00,-0.006727389,-0.006704811,-1.150009155,0.167770206,0.180112948,0.176310723,0.18685265,0.189659804,0.19196959,0.199256588,0.184305451,0.195111077,0.198089216,0.195908096,0.200719091,0.225689682,0.196733948,0.202186596,0.198651597,0.196694055,0.210687336,0.191461706,0.194609587,0.18445403,0.184343316,0.183388215,0.195491716,0.183641417,0.193653491,0.176088638,0.179984125,0.182822126,0.197522544
2024-07-02 16:00:00-04:00,-0.026225678,-0.025884772,-4.409988403,0.205879652,0.233232516,0.176047923,0.184251108,0.186696492,0.197497705,0.200427298,0.217475594,0.185915378,0.19252928,0.192495516,0.199588769,0.231347317,0.207692594,0.202777746,0.198699001,0.196508869,0.211208737,0.195268076,0.200292675,0.185109358,0.184735931,0.183654421,0.196475751,0.185387384,0.196562214,0.175903946,0.179554633,0.182340257,0.197506114
2024-07-03 16:00:00-04:00,-0.012856516,-0.012774224,-2.120010376,0.207993396,0.219874347,0.179417978,0.185661642,0.187593598,0.198482138,0.204721445,0.214259874,0.182812659,0.186079763,0.183595524,0.191348135,0.229819122,0.207488019,0.201670353,0.197805518,0.195889307,0.210499913,0.191415543,0.200394125,0.183751497,0.184511977,0.183961452,0.196133822,0.185899878,0.196675129,0.176089164,0.179666811,0.1824189,0.197531508
2024-07-05 16:00:00-04:00,0.02059938,0.020813011,3.410003662,0.230148573,0.257837251,0.183046359,0.185725048,0.186257959,0.200123591,0.212461088,0.230799465,0.184455122,0.187252637,0.185070611,0.193768971,0.206680728,0.212494597,0.190505002,0.193961462,0.195646354,0.206575369,0.19348266,0.202965828,0.184444133,0.184984364,0.184369351,0.196660438,0.186048371,0.197968737,0.176016631,0.179662541,0.182489936,0.197613098
2024-07-08 16:00:00-04:00,-0.004374251,-0.004364698,-0.729995728,0.227549985,0.236227883,0.180634229,0.183162799,0.183749709,0.198665007,0.202034658,0.22089023,0.179901128,0.184045981,0.182738135,0.190844361,0.205330047,0.209530073,0.189241082,0.192800565,0.194655174,0.20576849,0.193429411,0.201577604,0.184136151,0.184665407,0.184087811,0.196500949,0.186088868,0.197303071,0.175995438,0.179636756,0.18246909,0.197647914
2024-07-09 16:00:00-04:00,0.009146124,0.009188078,1.529998779,0.231003874,0.225858892,0.183006041,0.189774922,0.194053539,0.206304218,0.193560145,0.215536604,0.176812654,0.18370281,0.18478318,0.191438691,0.206162505,0.207787444,0.189411311,0.192929342,0.194962679,0.205876655,0.193751684,0.20076053,0.184646864,0.185344506,0.185037899,0.197296597,0.185755114,0.196904073,0.176201099,0.180032684,0.183025104,0.198052502
2024-07-10 16:00:00-04:00,0.00053539,0.000535533,0.089996338,0.217740638,0.206195549,0.181818948,0.189843316,0.195666357,0.206027359,0.192669685,0.205510759,0.176422771,0.183046369,0.184663743,0.19158322,0.206125099,0.204515947,0.188832107,0.192096037,0.193650741,0.204981516,0.19362971,0.199173657,0.18435743,0.184954215,0.184634146,0.197053417,0.185559948,0.196124256,0.176170203,0.180022487,0.183072174,0.198114952
2024-07-11 16:00:00-04:00,0.010471945,0.010526967,1.770004272,0.220009725,0.198736791,0.183010374,0.18819131,0.19181995,0.204207806,0.195088903,0.201675293,0.17628387,0.181247908,0.181839335,0.190063796,0.206750637,0.203270462,0.189129987,0.19172214,0.193046924,0.204036904,0.194020493,0.19860753,0.18446035,0.184738937,0.184287174,0.196987944,0.185669474,0.195851127,0.176249319,0.180060106,0.183091015,0.198153741
2024-07-12 16:00:00-04:00,0.002175227,0.002177595,0.369995117,0.219958562,0.181428602,0.181596115,0.186784338,0.189832476,0.203610018,0.18608634,0.192344605,0.173059181,0.17979237,0.181441224,0.189237353,0.205933942,0.200115068,0.188904643,0.191798404,0.193299582,0.204246004,0.192814027,0.197063643,0.183910999,0.184507132,0.184241701,0.196835928,0.185593097,0.195088315,0.176172264,0.179992319,0.183027326,0.198119129
2024-07-15 16:00:00-04:00,-0.004119349,-0.004110876,-0.7,0.211628843,0.16991803,0.177004367,0.184340717,0.188237509,0.201031538,0.18318273,0.185155786,0.171326957,0.178618285,0.180917067,0.188352837,0.200893758,0.197425937,0.187188173,0.190058369,0.190832668,0.2010862,0.192654989,0.195732821,0.184208985,0.184878918,0.184666106,0.197093465,0.185666946,0.194431619,0.176371709,0.180259938,0.183317448,0.198294796
2024-07-16 16:00:00-04:00,0.006938902,0.006963031,1.169998169,0.201037855,0.159527244,0.176348811,0.185092422,0.189523012,0.199954437,0.18425367,0.178867284,0.17264857,0.180357381,0.182648538,0.190132002,0.201067772,0.195133695,0.18661372,0.190464854,0.191674985,0.199672862,0.192873549,0.194604343,0.184578194,0.185372067,0.18519032,0.197526396,0.184986315,0.193869849,0.176264356,0.180196638,0.183302458,0.198118107
2024-07-17 16:00:00-04:00,0.035246237,0.035874748,6.070007324,0.25963019,0.252846995,0.191269807,0.179519845,0.173007896,0.195129073,0.216199304,0.232840775,0.183926046,0.183492954,0.182299384,0.193998251,0.212349204,0.214759003,0.191191969,0.192241899,0.191930394,0.201389208,0.198833695,0.204934415,0.186985639,0.186407005,0.185566335,0.198594059,0.187865595,0.19916972,0.177437658,0.180652907,0.183430183,0.198587133
2024-07-18 16:00:00-04:00,-0.023845735,-0.023563672,-4.130004883,0.252948696,0.3017791,0.208132317,0.201421764,0.197677652,0.210550349,0.233618027,0.258395226,0.193707979,0.193275342,0.19262131,0.204735254,0.217385572,0.223120973,0.195271286,0.196407747,0.196177361,0.204788317,0.201823859,0.209278682,0.189095222,0.188590537,0.187772389,0.200759229,0.189155823,0.201416498,0.178076577,0.181314877,0.184055726,0.199233673
2024-07-19 16:00:00-04:00,0.006871324,0.006894986,1.180007935,0.237722865,0.276964736,0.20338037,0.197401297,0.194771056,0.21801794,0.232394537,0.247483008,0.19255266,0.19128189,0.190348698,0.208813317,0.217700525,0.220212731,0.194913745,0.195687577,0.194599116,0.205469191,0.201765048,0.207978005,0.189026243,0.188726317,0.18804994,0.201713868,0.189116727,0.200807671,0.178245822,0.181491375,0.184252511,0.199865018
2024-07-22 16:00:00-04:00,0.007458152,0.007486033,1.289993286,0.224529396,0.254320381,0.198306551,0.195379783,0.193144382,0.215853046,0.233231538,0.237188835,0.192362108,0.191353372,0.190414923,0.209395619,0.217224878,0.217445543,0.194303494,0.19511215,0.19362761,0.204845166,0.201650215,0.206749208,0.189132626,0.1889243,0.188121223,0.201836725,0.186620682,0.200236216,0.177605925,0.181223495,0.184161752,0.199508879
2024-07-23 16:00:00-04:00,-0.002653172,-0.002649656,-0.460006714,0.223014656,0.23555727,0.197284186,0.193918006,0.192355758,0.213860801,0.230199373,0.227574224,0.189293884,0.189285156,0.189221148,0.207688623,0.21671298,0.214316569,0.193775542,0.194385314,0.192872275,0.203762675,0.201649255,0.205240132,0.189141012,0.189001805,0.188249738,0.201906362,0.186389785,0.19950223,0.177468428,0.181159386,0.184167518,0.199486491
2024-07-24 16:00:00-04:00,0.017518268,0.017672613,3.060012817,0.230981585,0.233868022,0.196264247,0.186427358,0.179722286,0.205725778,0.233174102,0.228373908,0.191431935,0.189704277,0.188866574,0.207836646,0.218584844,0.215742539,0.194796153,0.194744756,0.192887705,0.20399305,0.202353105,0.206269125,0.18913739,0.189080255,0.18834193,0.20174675,0.187066531,0.200108572,0.177786846,0.181275997,0.184127372,0.19949454
2024-07-25 16:00:00-04:00,0.033263803,0.033823229,5.959991455,0.265131569,0.275621779,0.299655115,0.314085284,0.307331107,0.312253649,0.252687727,0.257996526,0.251420032,0.263174674,0.260851883,0.268536172,0.226833006,0.229737299,0.216547912,0.221532984,0.219349086,0.226504548,0.205490873,0.214320831,0.199985591,0.203264052,0.202543917,0.213508545,0.189451053,0.204464085,0.184039636,0.188914086,0.191504107,0.205565641
2024-07-26 16:00:00-04:00,0.016280029,0.016413271,2.990005493,0.267875265,0.254749326,0.304368449,0.321885721,0.315782778,0.318169748,0.256455091,0.250323893,0.255646854,0.268236298,0.26540749,0.272922443,0.228563035,0.229233744,0.217102037,0.222001148,0.219749908,0.227270843,0.20653168,0.214593419,0.200903998,0.204442168,0.203664377,0.214605368,0.190053026,0.204766027,0.184534123,0.189505115,0.192050347,0.206112479
2024-07-29 16:00:00-04:00,-0.01754336,-0.017390371,-3.220001221,0.295116407,0.292024954,0.315440793,0.334658034,0.328274793,0.333005222,0.260980545,0.265373167,0.25925149,0.273423354,0.270542595,0.278229367,0.209913986,0.232882099,0.207899391,0.216543944,0.215881051,0.221749079,0.208060763,0.21636494,0.202206409,0.206019898,0.205211571,0.216153529,0.185134906,0.205670037,0.183321217,0.188641949,0.191071109,0.204447259
2024-07-30 16:00:00-04:00,0.026254471,0.026602156,4.839996338,0.302326201,0.294249385,0.321366331,0.338884052,0.33110141,0.336913164,0.26981692,0.271830063,0.26337248,0.277024553,0.27348646,0.282098776,0.214528462,0.238542922,0.209326676,0.217902665,0.216903096,0.223424639,0.211033378,0.220160742,0.202943934,0.206727186,0.205794481,0.216740039,0.186448161,0.207891573,0.183623559,0.188784864,0.191123026,0.204646314
2024-07-31 16:00:00-04:00,-0.007847347,-0.007816637,-1.459991455,0.313696892,0.289431878,0.324446165,0.34266323,0.334897018,0.341699983,0.270430975,0.268246106,0.262037472,0.275218564,0.270678789,0.279869561,0.215310713,0.236817936,0.209475722,0.218237162,0.2171135,0.223636809,0.21129787,0.219289636,0.203595136,0.207584938,0.206617417,0.217455243,0.186418236,0.207470722,0.183725191,0.188920833,0.191068387,0.204592665
2024-08-01 16:00:00-04:00,0.023412526,0.02368875,4.38999939,0.292449112,0.283995966,0.313986123,0.342209036,0.338252873,0.344263722,0.253654863,0.268990945,0.263126183,0.277900893,0.273691525,0.280971112,0.2188083,0.239967726,0.210328101,0.219016747,0.217621518,0.225364476,0.213554553,0.221731569,0.20423258,0.208379327,0.207387799,0.218720462,0.187585894,0.208993861,0.183806591,0.189020364,0.191164504,0.205038719
2024-08-02 16:00:00-04:00,-0.002216431,-0.002213976,-0.420013428,0.249807055,0.269128816,0.318653019,0.35177878,0.347281513,0.347597155,0.245820552,0.26023775,0.271750647,0.290034581,0.286082435,0.291277279,0.218385535,0.236736074,0.213082311,0.222648806,0.22022086,0.227794364,0.212071783,0.220150726,0.20531532,0.210717237,0.209913425,0.220513568,0.18756043,0.208229354,0.185042098,0.190677988,0.192720273,0.206345207
2024-08-05 16:00:00-04:00,-0.026389824,-0.026044656,-4.929992676,0.302639163,0.323326358,0.330052181,0.363446626,0.357959286,0.360087669,0.266810906,0.291579324,0.276742984,0.296162778,0.291854189,0.299862913,0.223646187,0.247313642,0.215307335,0.225547899,0.223166688,0.231359816,0.215465332,0.225607448,0.20371859,0.208081947,0.207142433,0.218481015,0.189535747,0.21106556,0.186076543,0.191790799,0.193736026,0.207492582
2024-08-06 16:00:00-04:00,0.007295982,0.007322663,1.350006104,0.302622355,0.297090356,0.335087976,0.369785667,0.364405799,0.365648669,0.264658305,0.278612133,0.280583939,0.301113765,0.296866062,0.303494722,0.223212073,0.243791955,0.215830146,0.226591741,0.223945634,0.231975015,0.214687624,0.224104081,0.203545699,0.207971834,0.207056906,0.218309364,0.189379057,0.210406288,0.186201131,0.192026349,0.193931853,0.207682762
2024-08-07 16:00:00-04:00,0.009645795,0.009692465,1.799987793,0.299339806,0.274560286,0.33827566,0.373747774,0.368017763,0.370629866,0.264747621,0.267079473,0.279694304,0.300222769,0.29499643,0.303726344,0.223592078,0.240752155,0.216509145,0.227557206,0.224945433,0.233716434,0.214488119,0.222885251,0.203146911,0.207590875,0.206599205,0.218427629,0.188861269,0.209908396,0.186147087,0.192194722,0.194162703,0.208078086
2024-08-08 16:00:00-04:00,0.015294942,0.015412509,2.88999939,0.29760069,0.260421964,0.337869473,0.372723061,0.366855094,0.370941236,0.266086689,0.259813056,0.281293277,0.299797067,0.293448539,0.30299196,0.222823677,0.239490992,0.216677052,0.226995539,0.224150349,0.23326532,0.215087787,0.222723435,0.203569096,0.20759213,0.206435917,0.218516437,0.189309327,0.210005496,0.186194114,0.191975734,0.193863242,0.207953907
2024-08-09 16:00:00-04:00,-0.002471546,-0.002468494,-0.470001221,0.265692446,0.243206147,0.251421453,0.274698804,0.270624589,0.286749962,0.267338431,0.250357326,0.280677083,0.30039317,0.295182618,0.303372413,0.222990506,0.236250111,0.217242986,0.227698632,0.225165318,0.23412196,0.215118223,0.221146893,0.203836709,0.20793061,0.206852574,0.218776033,0.18922843,0.209244957,0.186225981,0.192001998,0.193949085,0.207970912
2024-08-12 16:00:00-04:00,0.001315409,0.001316274,0.25,0.257496164,0.222849868,0.24425392,0.267008658,0.265584989,0.28156553,0.267499398,0.239191521,0.281659428,0.30169541,0.297509747,0.305332489,0.223007407,0.232578744,0.21785434,0.228506209,0.226455473,0.235175307,0.215006902,0.219402925,0.203922212,0.208105993,0.207275478,0.219093338,0.189198412,0.208416276,0.186232146,0.19201254,0.194071076,0.208056331
2024-08-13 16:00:00-04:00,0.005505916,0.005521102,1.050003052,0.235096293,0.203676323,0.231168463,0.252439727,0.251414321,0.265445759,0.265092459,0.228132723,0.280698913,0.300567275,0.296213647,0.303996508,0.223070663,0.229023674,0.218054394,0.228728978,0.226585896,0.235241562,0.21489534,0.217780053,0.203864956,0.208018993,0.207189502,0.218963372,0.189212265,0.207672544,0.186274986,0.192060051,0.1940579,0.208035509
2024-08-14 16:00:00-04:00,0.009213319,0.009255892,1.770004272,0.207995555,0.188545528,0.221371796,0.243404422,0.243367821,0.256625798,0.265293801,0.218683546,0.280614851,0.299717824,0.29496488,0.303417903,0.223423883,0.226066663,0.21798235,0.228267264,0.225736166,0.234637525,0.215213394,0.216525668,0.203650699,0.207610236,0.206718409,0.218395716,0.189387325,0.207142369,0.186390185,0.19213013,0.194084919,0.2080334
2024-08-15 16:00:00-04:00,0.002070363,0.002072507,0.399993896,0.20026083,0.173081693,0.219312644,0.24083506,0.242061964,0.255544939,0.243641055,0.20890445,0.273303358,0.298740697,0.297120468,0.303155547,0.222395844,0.222530711,0.218388021,0.22897566,0.226809406,0.235826619,0.215076398,0.214814052,0.204021622,0.208169583,0.20746642,0.219186751,0.189378336,0.206323758,0.186558381,0.192337758,0.194375878,0.208327063
2024-08-16 16:00:00-04:00,0.002581979,0.002585315,0.5,0.171866735,0.158458324,0.211846754,0.23339658,0.236245818,0.244618657,0.220770652,0.199400646,0.264674373,0.29070871,0.289263434,0.293903829,0.222392479,0.219033193,0.217800098,0.228300067,0.226265573,0.235311603,0.214475385,0.213117536,0.203712918,0.208149286,0.207666371,0.219176389,0.189321161,0.205512594,0.186454934,0.192245634,0.194314788,0.208253776
2024-08-19 16:00:00-04:00,0.015201057,0.015317181,2.970001221,0.181104996,0.159956039,0.1880849,0.197990991,0.199850188,0.215951593,0.223084249,0.196722684,0.265917334,0.290245051,0.287911529,0.290684269,0.222934878,0.218159178,0.218589193,0.228405802,0.225988574,0.235218394,0.215349772,0.213008802,0.203937499,0.207888381,0.207214345,0.219060121,0.189502319,0.205609217,0.186658767,0.192259701,0.19423156,0.208269058
2024-08-20 16:00:00-04:00,-0.003663946,-0.003657242,-0.720001221,0.10156748,0.157925486,0.168760053,0.178522368,0.18445232,0.192379259,0.225695092,0.192273309,0.266281215,0.290535381,0.288893883,0.291510278,0.221504387,0.215666362,0.219067402,0.229217512,0.227171326,0.236016703,0.21490026,0.21166402,0.203892108,0.207781799,0.206742765,0.218212304,0.189565031,0.204928489,0.186817547,0.192449956,0.194502231,0.208492415
2024-08-21 16:00:00-04:00,0.001935444,0.001937318,0.380004883,0.102594394,0.144984442,0.153877307,0.15884558,0.165426183,0.175945814,0.224080333,0.1837342,0.265975582,0.290153035,0.288240522,0.290585728,0.219963862,0.212306134,0.218042854,0.228606492,0.226774888,0.235192832,0.214808304,0.209991853,0.203453905,0.207264932,0.20611115,0.217649956,0.189563307,0.204117624,0.186794077,0.192427203,0.194458621,0.208426511
2024-08-22 16:00:00-04:00,-0.000814475,-0.000814144,-0.160003662,0.103252448,0.135684285,0.147143898,0.149554496,0.156685328,0.161272956,0.221219916,0.176819408,0.263425726,0.289213482,0.288033801,0.289825572,0.214795765,0.209276523,0.217475657,0.228324986,0.226657306,0.234148183,0.214513861,0.208421779,0.202654249,0.206391458,0.205221479,0.216825426,0.189046493,0.2033365,0.186734812,0.192476652,0.194549069,0.208450291
2024-08-23 16:00:00-04:00,0.005991122,0.006009105,1.180007935,0.086256602,0.125067734,0.137743684,0.147121947,0.157424397,0.158063022,0.196335736,0.168887659,0.205011677,0.222581417,0.222751548,0.232461672,0.213475639,0.206130026,0.217053796,0.227839875,0.226185715,0.233603588,0.214428787,0.206909298,0.202591658,0.206342789,0.205180746,0.216820403,0.188882712,0.20262864,0.186394791,0.192133154,0.194214221,0.208161112
2024-08-26 16:00:00-04:00,-0.000556979,-0.000556824,-0.11000061,0.083440414,0.117137018,0.133395592,0.142069362,0.15107292,0.152495448,0.191519293,0.162459676,0.198933905,0.215722854,0.216457984,0.226590232,0.212424738,0.203161966,0.216578423,0.227441559,0.225943747,0.233276056,0.214394804,0.205350918,0.202578987,0.206324905,0.205219436,0.216804886,0.188840903,0.201848299,0.18638813,0.192127749,0.194218026,0.208155527
2024-08-27 16:00:00-04:00,-0.00772835,-0.007698563,-1.520004272,0.099213635,0.125830534,0.134051572,0.139469716,0.143475674,0.147592597,0.180942506,0.163747613,0.191374593,0.206263394,0.20699474,0.216681221,0.211595568,0.202239687,0.216619073,0.2272626,0.225358244,0.232644777,0.214744401,0.204685028,0.202662389,0.206234444,0.204958849,0.216677514,0.189056001,0.201473187,0.186534571,0.192218777,0.194282108,0.208248089
2024-08-28 16:00:00-04:00,-0.002657695,-0.002654166,-0.520004272,0.101078951,0.11730854,0.132402683,0.137653213,0.142036482,0.147507111,0.161897858,0.158047153,0.18405811,0.200276058,0.202202329,0.210844716,0.211477021,0.19963418,0.216031468,0.22648602,0.224601774,0.231961644,0.214609367,0.203284472,0.202385085,0.206056402,0.204778389,0.216428942,0.189059943,0.200759723,0.186582278,0.19228793,0.194360977,0.208319038
2024-08-29 16:00:00-04:00,-0.001126536,-0.001125902,-0.220001221,0.094270213,0.1075856,0.130862762,0.138531975,0.144516724,0.147897409,0.158303559,0.151453407,0.180488202,0.19590443,0.197979035,0.206757775,0.211358412,0.196768504,0.215490108,0.22609964,0.22423402,0.231617408,0.213958356,0.201773213,0.202304207,0.206111645,0.204913751,0.21648922,0.18907503,0.19999739,0.186495194,0.192160476,0.194257157,0.208230834
2024-08-30 16:00:00-04:00,0.005772858,0.005789553,1.130004883,0.096936691,0.103993777,0.123564402,0.128984539,0.133298188,0.135256673,0.139584641,0.145582238,0.176214004,0.191360534,0.194051961,0.199430573,0.203964456,0.193882035,0.212015165,0.224287973,0.223321695,0.229974512,0.212979779,0.200321318,0.201887558,0.205977024,0.204957336,0.216367799,0.189093257,0.199299538,0.186473083,0.192103087,0.194186638,0.208162701
2024-09-03 16:00:00-04:00,0.00700513,0.007029723,1.380004883,0.100587527,0.101579348,0.132379235,0.138623229,0.145343166,0.146409299,0.140038642,0.140628297,0.161382814,0.172501432,0.177665024,0.185000835,0.20311545,0.191219516,0.210802668,0.222487813,0.221446259,0.227773711,0.212537223,0.19898407,0.201792018,0.205831357,0.205055508,0.216390673,0.188886638,0.198663999,0.186688622,0.192425011,0.194671458,0.208536744
2024-09-04 16:00:00-04:00,-0.003445699,-0.003439769,-0.680007935,0.073833022,0.099018855,0.129751287,0.142931698,0.151881135,0.148972113,0.097335257,0.137050977,0.149898869,0.160472845,0.166907065,0.170649432,0.202814552,0.188997622,0.210618171,0.222506536,0.221576147,0.227986492,0.212066818,0.19771698,0.202148997,0.206293302,0.205522145,0.216806585,0.188812661,0.197999859,0.186876586,0.192638738,0.194856203,0.208738592
2024-09-05 16:00:00-04:00,-0.021289921,-0.02106489,-4.149993896,0.126019321,0.166360675,0.140727745,0.144376065,0.14713528,0.149014226,0.127674284,0.170313361,0.149879827,0.15395733,0.158877376,0.166008431,0.205683248,0.197517111,0.210994254,0.222295061,0.221182207,0.227987681,0.213918604,0.201527904,0.202405719,0.206223791,0.205300798,0.216650999,0.189522167,0.199802803,0.18707889,0.192733419,0.194905345,0.208839214
2024-09-06 16:00:00-04:00,0.002796011,0.002799924,0.539993286,0.12668258,0.155423668,0.141457515,0.14536377,0.148601869,0.150421435,0.124536259,0.162933853,0.145893159,0.148619033,0.153968832,0.158001942,0.203045604,0.19442564,0.208787318,0.220581089,0.219752982,0.226433029,0.213886077,0.199947906,0.20212737,0.205994379,0.20509748,0.216328575,0.189471734,0.199022927,0.186912499,0.192520682,0.194504693,0.20852796
2024-09-09 16:00:00-04:00,0.015494663,0.015615328,3.020004272,0.15057297,0.177313697,0.143276274,0.146479958,0.149782473,0.155642973,0.124817165,0.171016933,0.142653557,0.1487097,0.155625666,0.158529021,0.204684086,0.195101033,0.208647182,0.22022627,0.219417479,0.226589012,0.214398289,0.200257915,0.201804346,0.205497985,0.20425711,0.21576126,0.188822395,0.199241395,0.186657827,0.192474218,0.19456684,0.208588577
2024-09-10 16:00:00-04:00,0.01480689,0.014917055,2.930007935,0.164633904,0.182526456,0.17063537,0.176128623,0.184670149,0.18840661,0.132061692,0.174372081,0.155466433,0.16206593,0.17064341,0.172970663,0.206042731,0.195174473,0.211364961,0.223123454,0.223097509,0.229811367,0.215246717,0.200324505,0.203292904,0.207111302,0.206213667,0.217470438,0.189307644,0.199348034,0.187629733,0.193513685,0.195840414,0.209703447
2024-09-11 16:00:00-04:00,-0.024167342,-0.02387765,-4.760009766,0.203762068,0.239137548,0.179637266,0.182206239,0.189150752,0.199854868,0.160836148,0.208659879,0.158831138,0.163040125,0.169256647,0.176623686,0.209542743,0.206114064,0.211745794,0.223552752,0.223667,0.23110669,0.217973976,0.205452106,0.203581934,0.207124522,0.205926803,0.217778865,0.19101071,0.201826585,0.188042961,0.193823201,0.196120797,0.21021002
2024-09-12 16:00:00-04:00,-0.002933494,-0.002929195,-0.569992065,0.201239826,0.218588398,0.182726987,0.188662451,0.200591448,0.208482803,0.160574425,0.199538913,0.161623042,0.166759178,0.175538454,0.181796087,0.208387235,0.203300033,0.211555205,0.223646896,0.224564214,0.23170638,0.217833998,0.204032302,0.203750934,0.207721524,0.207017162,0.218255065,0.191055298,0.201116088,0.188243752,0.194080361,0.196440434,0.210456791
2024-09-13 16:00:00-04:00,0.000978814,0.000979293,0.190002441,0.201185713,0.200102173,0.184525524,0.191007153,0.204569385,0.21156797,0.157572541,0.190302874,0.161379663,0.167891505,0.178276074,0.183448991,0.208412278,0.200107667,0.211814084,0.224014223,0.225201485,0.232240499,0.217626494,0.202423065,0.203495517,0.207429785,0.206889116,0.218141159,0.190712773,0.200320022,0.187968633,0.193840719,0.196296211,0.210304893
2024-09-16 16:00:00-04:00,0.007796054,0.007826523,1.519989014,0.205043101,0.190698112,0.182263954,0.188381137,0.202279221,0.212452421,0.159619214,0.184953275,0.157425576,0.163050482,0.173020979,0.179221353,0.207787623,0.197697176,0.21079716,0.223234651,0.224684888,0.232016088,0.216123725,0.201200635,0.203118551,0.207140626,0.206708683,0.217831626,0.190225421,0.199738109,0.187699896,0.193592701,0.196075721,0.210172494
2024-09-17 16:00:00-04:00,-0.011717071,-0.011648694,-2.279998779,0.210207702,0.189727958,0.189818379,0.198029209,0.210706095,0.221175817,0.164945308,0.185847562,0.162532128,0.169193265,0.177979951,0.184649785,0.209558647,0.19821404,0.211338589,0.22397416,0.225427865,0.232935232,0.216827691,0.201373229,0.20367786,0.207826439,0.207382619,0.218423163,0.190337192,0.19979349,0.187849741,0.193764558,0.196080499,0.210163535
2024-09-18 16:00:00-04:00,-0.002639793,-0.002636312,-0.509994507,0.205583593,0.173320852,0.189969723,0.199587077,0.21034067,0.22024688,0.155378661,0.177532541,0.162535109,0.173462207,0.183899063,0.187652226,0.209199893,0.19541988,0.21150746,0.224291543,0.225790863,0.233214218,0.216725525,0.199947854,0.204191703,0.208647478,0.208340118,0.219154625,0.190064762,0.199076555,0.188075832,0.194098634,0.19642511,0.210367008
2024-09-19 16:00:00-04:00,0.003518178,0.003524374,0.679992676,0.207225109,0.161574096,0.186202312,0.196194706,0.207943616,0.217193107,0.155795297,0.170322902,0.160351978,0.170939366,0.180793768,0.185103445,0.209162744,0.192441768,0.2110463,0.223790964,0.225391441,0.232811535,0.214919362,0.198411429,0.203733588,0.208534844,0.208411671,0.218992628,0.190038745,0.198315218,0.187822202,0.193763661,0.196053446,0.210073531
2024-09-20 16:00:00-04:00,-0.000774982,-0.000774682,-0.149993896,0.179450654,0.147497753,0.172966518,0.189118672,0.204076969,0.211646822,0.1555182,0.162422247,0.160412312,0.170940472,0.180894588,0.18582339,0.207780436,0.189504656,0.210005789,0.223038337,0.224803687,0.232227717,0.21475778,0.196892019,0.20367344,0.208470526,0.208333072,0.218980449,0.190047509,0.197549591,0.187803678,0.193741401,0.196023696,0.21006017
2024-09-23 16:00:00-04:00,0.001859028,0.001860757,0.36000061,0.179176361,0.135701625,0.17346598,0.189744349,0.205095134,0.212025099,0.155779184,0.155166345,0.160328741,0.170969231,0.181329137,0.186109919,0.206453647,0.18652669,0.209558746,0.222757438,0.224732663,0.231995721,0.214666925,0.195337607,0.20360921,0.208469917,0.208426081,0.218997281,0.190035837,0.196769443,0.187722238,0.193634149,0.195946565,0.20999783
2024-09-24 16:00:00-04:00,-0.001652333,-0.001650969,-0.320007324,0.160074212,0.124117913,0.177315292,0.195668879,0.210442041,0.212759615,0.153931249,0.148140992,0.163952966,0.175589069,0.185567833,0.19007898,0.204750467,0.183774918,0.209858997,0.223334516,0.225164664,0.232345246,0.214694478,0.193888826,0.20416557,0.209220137,0.209179311,0.219727217,0.189973029,0.196031314,0.187980712,0.194030084,0.196352899,0.210351264
2024-09-25 16:00:00-04:00,-0.011695432,-0.011627306,-2.25,0.141859839,0.13252652,0.158426901,0.173395061,0.182643105,0.18849488,0.158315413,0.151176099,0.1673203,0.177318151,0.186112215,0.191401426,0.206608085,0.184421833,0.210496314,0.223553713,0.225042923,0.23237329,0.215376461,0.194093819,0.204678094,0.209540618,0.209388948,0.219999322,0.19005914,0.196095043,0.187929402,0.193965982,0.19626698,0.210282594
2024-09-26 16:00:00-04:00,0.003340641,0.003346227,0.63999939,0.095786766,0.126225355,0.153505199,0.171313116,0.180864128,0.184327926,0.157482418,0.145710032,0.167802063,0.178229912,0.187082394,0.193493646,0.204477773,0.18165311,0.209756289,0.222913152,0.224380585,0.232137976,0.215252776,0.192608116,0.205015764,0.20985148,0.209628985,0.220436408,0.189984431,0.195344498,0.188141129,0.194172036,0.196448052,0.210545787
2024-09-27 16:00:00-04:00,0.01494765,0.015059924,2.88999939,0.12246113,0.153906445,0.167238979,0.185630808,0.189683686,0.193793496,0.166670287,0.157251439,0.177735039,0.189560317,0.197719095,0.203239033,0.204499886,0.183021629,0.212000153,0.225673965,0.227136865,0.234337615,0.215828897,0.193024703,0.206415625,0.211578999,0.211357898,0.221906299,0.190393358,0.195547173,0.18878748,0.194934357,0.197105448,0.211121398
2024-09-30 16:00:00-04:00,0.013715271,0.013809757,2.690002441,0.138239516,0.160394958,0.168908497,0.183507025,0.184144749,0.190433781,0.173368632,0.161945179,0.178934213,0.189140868,0.196480435,0.202666325,0.20497362,0.183406524,0.210758219,0.223530812,0.224400881,0.232151753,0.216301295,0.193049174,0.206516884,0.21145742,0.211002733,0.221693328,0.190684011,0.195568626,0.188801895,0.19485743,0.196978855,0.211028179
2024-10-01 16:00:00-04:00,-0.002636595,-0.002633122,-0.519989014,0.135286805,0.151017507,0.171110583,0.186028122,0.186342841,0.187502791,0.17262722,0.155806534,0.179225373,0.189731466,0.197021774,0.203069502,0.196808952,0.180925786,0.210086092,0.223491827,0.224633623,0.230821098,0.216350599,0.191707786,0.206464259,0.211459085,0.211040281,0.221374016,0.189398542,0.194873058,0.188384366,0.194789278,0.197072624,0.210922641
2024-10-02 16:00:00-04:00,-0.000711054,-0.000710801,-0.13999939,0.119424239,0.139144784,0.163385621,0.176474047,0.177690242,0.18071604,0.170830639,0.148886977,0.176692784,0.186744945,0.192743991,0.200767624,0.194349635,0.178191324,0.209055947,0.22267351,0.224022519,0.230598618,0.214551998,0.19024458,0.205396349,0.210606879,0.210426602,0.22090999,0.189289371,0.194121343,0.188346137,0.194705544,0.196939672,0.210898781
2024-10-03 16:00:00-04:00,-0.006985066,-0.006960727,-1.370010376,0.124966668,0.138280028,0.157044394,0.16694632,0.166606211,0.17217439,0.172110514,0.147050531,0.174693459,0.18435596,0.190461023,0.19795765,0.192045753,0.176974705,0.207825371,0.221698778,0.223093581,0.229547675,0.199718871,0.189490356,0.19935338,0.208292339,0.209819257,0.218310172,0.189346875,0.193700585,0.188168971,0.194423167,0.196437736,0.210487907
2024-10-04 16:00:00-04:00,-0.005952723,-0.005935041,-1.160003662,0.128658863,0.132160203,0.158295583,0.168146921,0.167332924,0.172236344,0.156085235,0.143390877,0.168714047,0.181965975,0.189771893,0.195508317,0.192305126,0.175338084,0.207890788,0.221723533,0.223147822,0.229443544,0.199355079,0.188552734,0.198784767,0.207765954,0.209386708,0.217913712,0.189483838,0.193195579,0.188200602,0.194505964,0.196547337,0.210480814
2024-10-07 16:00:00-04:00,-0.003506024,-0.003499885,-0.679992676,0.129899461,0.121898407,0.159798711,0.169806742,0.168672772,0.173511659,0.156368208,0.137636413,0.169193282,0.182362053,0.189890666,0.195331715,0.192217589,0.173037118,0.206672111,0.220209935,0.221199578,0.227803882,0.199438415,0.187300322,0.198229673,0.2070195,0.208494244,0.217049766,0.189521692,0.192541363,0.188070126,0.194324106,0.196277749,0.210265921
2024-10-08 16:00:00-04:00,-0.003103857,-0.003099045,-0.600006104,0.130344072,0.111926239,0.16194652,0.171402949,0.168964127,0.175495737,0.146164349,0.131830011,0.169382047,0.182703058,0.189954923,0.19355272,0.192498088,0.170673345,0.206693189,0.220131221,0.220917983,0.227484954,0.199527135,0.186013762,0.197964187,0.206589741,0.207732237,0.216488232,0.189525932,0.191870059,0.187810579,0.19406925,0.196023703,0.209938755
2024-10-09 16:00:00-04:00,0.008974712,0.009015106,1.740005493,0.137470823,0.121053289,0.158873376,0.165033046,0.162249167,0.169485742,0.139547262,0.133531985,0.157640278,0.169849052,0.174244334,0.179506485,0.192263987,0.169535808,0.206397589,0.2201137,0.221067892,0.227301733,0.199527943,0.185201905,0.197952162,0.206406662,0.207530875,0.215923694,0.189628628,0.191434844,0.187740146,0.193910813,0.195854889,0.209829405
2024-10-10 16:00:00-04:00,-0.002055996,-0.002053884,-0.399993896,0.122730742,0.111433282,0.151205521,0.160380602,0.159702805,0.164277974,0.111774908,0.127758876,0.151884499,0.165906934,0.171045755,0.173364106,0.192462251,0.167084756,0.206258951,0.219944928,0.220919678,0.227148287,0.199051177,0.18385377,0.197772242,0.206352125,0.207569546,0.21590279,0.189637756,0.190729345,0.187700407,0.19386772,0.195809614,0.209792275
2024-10-11 16:00:00-04:00,-0.000823615,-0.000823276,-0.160003662,0.122738607,0.101815379,0.14518683,0.154536638,0.154338958,0.157686089,0.111329254,0.121875094,0.147341341,0.16009707,0.162483069,0.166566203,0.19212548,0.164524922,0.205445336,0.21892189,0.219815848,0.226250104,0.196184984,0.182443775,0.196528876,0.204998753,0.205835024,0.213913281,0.189639854,0.189993311,0.187656368,0.193793315,0.195708491,0.209734182
2024-10-14 16:00:00-04:00,0.007490244,0.007518366,1.459991455,0.105479925,0.104605362,0.122626383,0.12717688,0.126448345,0.132384514,0.114266162,0.121461435,0.147074292,0.159042952,0.159835586,0.164577931,0.192182782,0.162981086,0.205279433,0.218565773,0.219342999,0.225868926,0.196222021,0.181438114,0.196168711,0.204997388,0.205974089,0.213068977,0.18973639,0.189455808,0.187726666,0.193836868,0.195697552,0.209737898
2024-10-15 16:00:00-04:00,-0.011515026,-0.011448982,-2.239993286,0.093998024,0.123717689,0.135409121,0.142780405,0.142426245,0.146563668,0.118075586,0.129204606,0.155630331,0.166925465,0.166725845,0.169277707,0.182131095,0.164268257,0.203058561,0.218857316,0.220616061,0.225886815,0.197032901,0.181810062,0.197214538,0.205979941,0.206771278,0.213891219,0.190138976,0.189560765,0.188139365,0.194215827,0.196046556,0.210063016
2024-10-16 16:00:00-04:00,-0.007323709,-0.007296956,-1.399993896,0.097529479,0.11942095,0.13484707,0.142421456,0.143025362,0.151353199,0.113752891,0.127262314,0.150907776,0.16149745,0.162102307,0.166230655,0.175645282,0.163207725,0.199367645,0.215421557,0.217276594,0.222954369,0.196998333,0.181136034,0.197330095,0.206133998,0.206995985,0.214010151,0.19023065,0.189176789,0.187990688,0.194060846,0.195898717,0.210076586
2024-10-17 16:00:00-04:00,-0.009972904,-0.00992334,-1.88999939,0.103544456,0.119432009,0.13807909,0.144430254,0.144277358,0.148915557,0.118344952,0.128213013,0.14934426,0.157906427,0.157730257,0.163113394,0.176903957,0.163225206,0.199527273,0.215457472,0.217248512,0.221325488,0.197635274,0.18099827,0.197233999,0.205810046,0.206234978,0.213398233,0.190172766,0.189056884,0.187981509,0.194095998,0.195975105,0.210129275
2024-10-18 16:00:00-04:00,0.001536673,0.001537855,0.289993286,0.103669772,0.113283425,0.135863089,0.143105871,0.143128567,0.148131401,0.117649242,0.12331138,0.14841001,0.156689825,0.156064861,0.161630281,0.176496948,0.160704357,0.198866767,0.214618091,0.216411878,0.220422357,0.197185125,0.179574316,0.196598371,0.205097143,0.205336008,0.212611872,0.1901729,0.188310396,0.187974708,0.194086533,0.195944803,0.210110932
2024-10-21 16:00:00-04:00,-0.012360346,-0.01228427,-2.320007324,0.113297027,0.11985663,0.140889927,0.146209678,0.144667824,0.149969604,0.124267529,0.127874604,0.152285935,0.159921009,0.158621423,0.164033534,0.178473636,0.161960159,0.199721578,0.215239524,0.216768853,0.220873545,0.197793365,0.180045945,0.196771021,0.205077672,0.205168772,0.212354536,0.188776753,0.188490653,0.187076846,0.193171265,0.194828209,0.209048613
2024-10-22 16:00:00-04:00,0.01183068,0.01190094,2.220001221,0.133484169,0.147963451,0.143773087,0.145503415,0.142631195,0.151121155,0.132077189,0.139318446,0.153922755,0.159646316,0.157102309,0.163710108,0.176727946,0.162916978,0.198989642,0.21475712,0.216429251,0.220461181,0.197998645,0.18001962,0.196904061,0.204995293,0.204996692,0.212260016,0.189043477,0.188388035,0.187078628,0.193046837,0.194572469,0.208881989
2024-10-23 16:00:00-04:00,-0.004672851,-0.00466195,-0.879989624,0.134143511,0.136456854,0.140475435,0.14184955,0.139193684,0.14687873,0.132711351,0.133782262,0.150192705,0.154484301,0.151770447,0.158622395,0.164641873,0.16090816,0.174612153,0.186404049,0.188933799,0.196310711,0.197509384,0.178917728,0.196700791,0.204723389,0.20470711,0.211813662,0.18878404,0.187804321,0.186938669,0.192936593,0.194482471,0.208780386
2024-10-24 16:00:00-04:00,0.009376749,0.009420848,1.769989014,0.134963158,0.143387376,0.137999191,0.140169064,0.137702102,0.145595292,0.131439623,0.137467905,0.147236647,0.152942476,0.15106288,0.157309899,0.162537794,0.160519833,0.172481314,0.183820091,0.186468772,0.19386084,0.197773492,0.178347358,0.196065166,0.203806692,0.203789874,0.211089133,0.188713597,0.187447888,0.186922867,0.192937104,0.194478181,0.208770266
2024-10-25 16:00:00-04:00,-0.009536431,-0.009491104,-1.799987793,0.140122579,0.143239912,0.142234966,0.143072087,0.139379673,0.147453717,0.134811128,0.137589823,0.146024012,0.151242969,0.14932437,0.154371111,0.159687697,0.160336031,0.169415445,0.179986041,0.182705968,0.190202851,0.186183111,0.178117743,0.189636165,0.199105819,0.199982623,0.20650212,0.188831982,0.187282722,0.186926034,0.192881341,0.194406688,0.208726601
2024-10-28 16:00:00-04:00,0.009694599,0.009741743,1.829986572,0.151622887,0.148718492,0.145667699,0.146170895,0.141935885,0.149988688,0.128226237,0.141074115,0.134810469,0.137014246,0.13456111,0.14131826,0.152144862,0.160117485,0.166974044,0.177779373,0.180817878,0.187572001,0.185966613,0.177625145,0.189338307,0.198855572,0.199677312,0.206198454,0.189017716,0.186960214,0.186976176,0.192883261,0.19438915,0.208706344
2024-10-29 16:00:00-04:00,-0.001213282,-0.001212546,-0.229995728,0.144285564,0.13603566,0.145795391,0.147021229,0.143083392,0.151441591,0.116715174,0.134563729,0.133494456,0.137759698,0.136048828,0.142081922,0.151264441,0.157650063,0.165744998,0.176191703,0.179173606,0.186243981,0.185837134,0.176264499,0.18888023,0.198331761,0.199049558,0.20569684,0.183471701,0.186243155,0.184741088,0.189845004,0.191264636,0.201041023
2024-10-30 16:00:00-04:00,0.06166426,0.06360519,12.05000305,0.330264517,0.402574228,0.238561873,0.225004303,0.211855904,0.233228424,0.248106253,0.317609775,0.196710942,0.190409527,0.181986345,0.196935165,0.189382965,0.230950111,0.184271814,0.190501681,0.191130647,0.199334605,0.204201526,0.212600618,0.197729628,0.205254995,0.204804845,0.212600905,0.192132259,0.204320952,0.188366351,0.192272348,0.192221707,0.202625394
2024-10-31 16:00:00-04:00,0.01169313,0.011761762,2.369995117,0.325681753,0.367609864,0.250152531,0.240216128,0.231467386,0.244879141,0.250446784,0.304356013,0.203882786,0.199985432,0.194429193,0.205458626,0.190438323,0.228861833,0.181505687,0.18674813,0.188430198,0.196784651,0.204385511,0.211851969,0.197924715,0.205484007,0.204942878,0.212692915,0.192286816,0.204033042,0.188852823,0.192886313,0.192954515,0.203233232
2024-11-01 16:00:00-04:00,-0.001570822,-0.001569589,-0.319992065,0.317558439,0.343805731,0.247891512,0.238653537,0.230186339,0.242653932,0.248680846,0.292217424,0.203895133,0.200422415,0.195175726,0.205911478,0.182053295,0.225534695,0.177539386,0.182489998,0.184595895,0.192057281,0.203112243,0.210286598,0.197329017,0.205151717,0.204791376,0.212432866,0.192165199,0.203268871,0.188806635,0.192825871,0.192838038,0.203109795
2024-11-04 16:00:00-05:00,-0.015247074,-0.015131426,-3.080001831,0.334477608,0.346635729,0.253324911,0.241549657,0.231700227,0.246673948,0.254586608,0.294426342,0.206191354,0.200758926,0.194448258,0.206194226,0.184797836,0.227306537,0.176487267,0.179924634,0.181719121,0.189884665,0.204212388,0.211346409,0.197142597,0.204593122,0.203928279,0.211802285,0.192856052,0.203817908,0.188681572,0.1925739,0.192557221,0.202724162
2024-11-05 16:00:00-05:00,0.006017631,0.006035773,1.209991455,0.321154977,0.316570772,0.254408425,0.244913795,0.236962164,0.249112042,0.254190573,0.281021453,0.20908865,0.204671877,0.199174734,0.210082093,0.184276753,0.224039072,0.176662809,0.180031583,0.182058087,0.188930947,0.204257145,0.209865108,0.197592963,0.205175112,0.204628438,0.212331071,0.192365454,0.203120725,0.188634626,0.192790249,0.192902462,0.20285646
2024-11-06 16:00:00-05:00,-0.002382824,-0.002379987,-0.479995728,0.323072276,0.292373158,0.261526813,0.249137276,0.23944392,0.26791281,0.25400885,0.269355212,0.213965071,0.206423097,0.199395934,0.222036685,0.182192919,0.220833236,0.17778392,0.180836461,0.182629825,0.193446093,0.203250193,0.208355656,0.198186865,0.205217934,0.204446854,0.214167148,0.192380625,0.202383135,0.189190315,0.193058974,0.193023943,0.204040163
2024-11-07 16:00:00-05:00,-0.00343533,-0.003429436,-0.690002441,0.322114027,0.270420233,0.263887942,0.25199968,0.242729258,0.269714002,0.253572198,0.258561706,0.214039592,0.207033543,0.200266412,0.222318167,0.182277772,0.217837718,0.177795028,0.18071797,0.182196686,0.193205133,0.203367667,0.206943478,0.198501369,0.205554922,0.204810953,0.214527959,0.192373017,0.201691039,0.189293929,0.193168879,0.19309616,0.204129462
2024-11-08 16:00:00-05:00,-0.005049857,-0.005037128,-1.009994507,0.325588873,0.251156905,0.263835034,0.251447939,0.242100928,0.269479999,0.254351592,0.248971038,0.214859335,0.207452213,0.200405122,0.222324615,0.182675185,0.215206346,0.177445546,0.179947783,0.180800697,0.192220753,0.203604975,0.205712802,0.198679937,0.205665131,0.204903603,0.214679157,0.192469703,0.201087747,0.189250267,0.193138486,0.193083138,0.203961771
2024-11-11 16:00:00-05:00,-0.134290763,-0.125664197,-25.07000732,0.74260417,0.871184556,0.277727782,0.26385326,0.254713658,0.621637536,0.535429892,0.678850692,0.225131899,0.216406784,0.209295529,0.455487952,0.326024085,0.433117883,0.181214284,0.182821946,0.183502148,0.29707977,0.280201311,0.337776302,0.200482338,0.207051696,0.206172509,0.267789901,0.233682205,0.276656772,0.188676427,0.192258055,0.192122605,0.231783063
2024-11-12 16:00:00-05:00,-0.019333761,-0.019148062,-3.339996338,0.739407544,0.795383586,0.290032396,0.269846586,0.257447059,0.627236305,0.535777246,0.648530952,0.233151114,0.220098074,0.210829246,0.458947358,0.327267317,0.428762372,0.184421334,0.18432343,0.184190792,0.298665956,0.281632024,0.337121451,0.201900388,0.20746213,0.206013427,0.268415576,0.234552228,0.276920634,0.189227217,0.192201162,0.191688076,0.231860633
2024-11-13 16:00:00-05:00,-0.004334532,-0.004325152,-0.739990234,0.738689674,0.733466485,0.291621172,0.27172826,0.259276895,0.627606562,0.53540849,0.619242242,0.229701278,0.216737988,0.207597018,0.457487209,0.327211184,0.422018552,0.184179522,0.183870358,0.183330565,0.297880049,0.281110488,0.334518905,0.202009188,0.207651344,0.206219062,0.268514765,0.234611632,0.275890512,0.18936892,0.192334847,0.191779172,0.231963218
2024-11-14 16:00:00-05:00,-0.004235557,-0.004226599,-0.720001221,0.638948998,0.675204941,0.215496542,0.206508677,0.202730819,0.594414071,0.535394628,0.591220461,0.231290828,0.219018714,0.209600353,0.457910456,0.327116675,0.415378876,0.185009276,0.185001788,0.184288116,0.298336599,0.281155897,0.331931743,0.202070922,0.207781835,0.206347061,0.268586843,0.23461259,0.274860652,0.18944544,0.192474121,0.19186714,0.232022321
2024-11-15 16:00:00-05:00,-0.027734724,-0.027353648,-4.63999939,0.62412373,0.620706805,0.216055569,0.192220859,0.17718835,0.586128176,0.540766475,0.569640268,0.236712394,0.220049129,0.20819339,0.458351789,0.329206256,0.414406526,0.1868637,0.185692574,0.184429017,0.298671523,0.283408424,0.333497683,0.203346106,0.208147715,0.206258209,0.268784621,0.236323528,0.27652604,0.190073576,0.192582974,0.19164097,0.232101284
2024-11-18 16:00:00-05:00,0.007788208,0.007818615,1.289993286,0.632352526,0.588621984,0.21599331,0.1921318,0.176652076,0.587113605,0.542348205,0.550795014,0.237364034,0.220857718,0.209066713,0.459033962,0.329863008,0.409237706,0.18626144,0.184887443,0.183258941,0.298187872,0.283155465,0.33138471,0.203327139,0.208235485,0.20638635,0.268860604,0.236390194,0.275667401,0.190047288,0.192531136,0.191557392,0.232027562
2024-11-19 16:00:00-05:00,0.001742578,0.001744098,0.290008545,0.639663666,0.545726738,0.215998053,0.196880099,0.184274701,0.588812578,0.542485406,0.528031526,0.237814395,0.22228431,0.211268828,0.460181233,0.329852702,0.403088205,0.187508936,0.186373897,0.184858618,0.299297938,0.282791261,0.328825935,0.203349806,0.20856193,0.206881075,0.269155068,0.236390643,0.274590029,0.190310423,0.192829834,0.19187062,0.232359288
2024-11-20 16:00:00-05:00,0.007118668,0.007144066,1.189987183,0.640676084,0.510788706,0.211574076,0.190318376,0.177143631,0.587492421,0.540843597,0.509030669,0.237356585,0.223100487,0.213193447,0.460821193,0.330398565,0.397866568,0.18773711,0.18662909,0.185304108,0.299562152,0.281374496,0.326663756,0.203151278,0.208521841,0.207015877,0.268914418,0.236471458,0.273698729,0.190364729,0.19291032,0.192011502,0.232382716
2024-11-21 16:00:00-05:00,0.023389097,0.023664767,3.970001221,0.666581889,0.505399169,0.219013684,0.205307221,0.195248643,0.580836591,0.550116925,0.506358795,0.246109944,0.232701295,0.222662693,0.466141018,0.334001474,0.3985842,0.191492844,0.190479057,0.188898883,0.301891644,0.282921405,0.327752097,0.204672738,0.209991999,0.208377981,0.27000123,0.237528862,0.274628726,0.191257099,0.193790976,0.192833117,0.233093442
2024-11-22 16:00:00-05:00,0.029943738,0.030396561,5.220001221,0.698783302,0.504103061,0.231616085,0.220279146,0.210254082,0.594742043,0.561055056,0.509215853,0.2528595,0.240807326,0.230933237,0.473480069,0.340088384,0.402545957,0.194604419,0.193925498,0.192169986,0.305526905,0.285646799,0.33086128,0.20588479,0.211348955,0.209737789,0.271779399,0.239268428,0.276772353,0.192017321,0.194629279,0.193633982,0.234164496
2024-11-25 16:00:00-05:00,0.000621455,0.000621648,0.11000061,0.700599428,0.460355213,0.235636107,0.227451249,0.224467741,0.598144966,0.560735885,0.48562246,0.254266891,0.243747895,0.237442352,0.476139575,0.339888104,0.396248043,0.19504888,0.194981515,0.19465907,0.306728758,0.285127191,0.328251859,0.206116336,0.211738141,0.210568862,0.272212095,0.23926871,0.275676733,0.192239063,0.1950227,0.194384345,0.234430066
2024-11-26 16:00:00-05:00,0.022781565,0.023043047,4.080001831,0.280742817,0.439000557,0.229517017,0.219391857,0.213892647,0.239050485,0.566220935,0.476558159,0.259158034,0.24668326,0.239199454,0.477696399,0.343320792,0.395767137,0.197422131,0.196263979,0.19529116,0.307579749,0.2866753,0.328881985,0.206936093,0.211914448,0.210457352,0.272349286,0.240240954,0.276413593,0.192839532,0.195345677,0.194535557,0.234685544
2024-11-27 16:00:00-05:00,0.010653016,0.010709962,1.940002441,0.254971772,0.401912392,0.216526116,0.214962284,0.213982197,0.230752874,0.567969223,0.456683113,0.260352159,0.247639847,0.240227981,0.477894487,0.344121277,0.390797927,0.19800797,0.196704089,0.195638551,0.307796159,0.286729983,0.32696718,0.206933737,0.211912182,0.210422597,0.27232026,0.240275154,0.275695571,0.193007368,0.195511635,0.194701351,0.234814477
2024-11-29 16:00:00-05:00,-0.0008197,-0.000819364,-0.150009155,0.251862999,0.369734461,0.21125405,0.208801127,0.208094366,0.225155819,0.519402747,0.435595876,0.215240485,0.208070865,0.205594459,0.456367078,0.343854955,0.384646253,0.197606845,0.196254343,0.195111669,0.30747652,0.283608604,0.324388237,0.204937668,0.210737825,0.20969161,0.271407331,0.240277501,0.274610054,0.192936329,0.195425021,0.194614399,0.234749745
2024-12-02 16:00:00-05:00,-0.006361351,-0.00634116,-1.159988403,0.254334923,0.345219195,0.21385705,0.212378144,0.216489288,0.232698332,0.516019371,0.416954443,0.211361621,0.203395077,0.201041755,0.454053014,0.343630109,0.378965604,0.19787392,0.196839533,0.196104347,0.308015109,0.28359933,0.322082633,0.204440521,0.210055503,0.209159461,0.270874731,0.238923062,0.273692977,0.192313223,0.195530591,0.195242187,0.234909833
2024-12-03 16:00:00-05:00,-0.001486521,-0.001485417,-0.270004272,0.188325173,0.316581574,0.199069367,0.208048057,0.217884019,0.226239288,0.516027467,0.39769412,0.211192807,0.203126435,0.201139479,0.454141512,0.343600566,0.373007794,0.197225278,0.196143326,0.195640875,0.307590172,0.283191287,0.319550871,0.204031645,0.209739556,0.209011173,0.270739145,0.238860309,0.272622568,0.192277752,0.195500641,0.195262324,0.234932549
2024-12-04 16:00:00-05:00,-0.028161394,-0.027768558,-5.039993286,0.258207841,0.346221979,0.209432168,0.213548777,0.220699452,0.237584569,0.521028673,0.40231941,0.213780809,0.205190508,0.202736339,0.455133531,0.345505086,0.375117758,0.197215228,0.196230228,0.19572559,0.30795051,0.284852796,0.321917787,0.204220985,0.209668066,0.208842135,0.270919025,0.240606538,0.274512549,0.192664581,0.195642831,0.195205144,0.235165531
2024-12-05 16:00:00-05:00,-0.001644832,-0.00164348,-0.290008545,0.259920958,0.316106492,0.208173817,0.212158739,0.219306301,0.238380374,0.519461707,0.383600573,0.212961993,0.203882646,0.20103434,0.454762718,0.345406041,0.369210783,0.198071739,0.197243191,0.196760299,0.308855145,0.28369867,0.319382096,0.203500071,0.209237775,0.208573714,0.270871854,0.24061231,0.273437719,0.192710324,0.195669958,0.195200958,0.235340473
2024-12-06 16:00:00-05:00,0.000113545,0.000113551,0.020004272,0.26070723,0.288986846,0.208820089,0.213548503,0.221055124,0.239808073,0.519779239,0.365880825,0.208213058,0.202851079,0.202523615,0.446651376,0.343722037,0.363419996,0.198178377,0.197601841,0.197363814,0.308596199,0.283625098,0.316859238,0.203480116,0.209220096,0.208682181,0.270927464,0.240335632,0.272354812,0.192671955,0.195734163,0.19534612,0.235411602
2024-12-09 16:00:00-05:00,0.002154468,0.00215679,0.380004883,0.240908143,0.26505462,0.196310349,0.20326496,0.212254784,0.230453879,0.520530364,0.34934275,0.210428381,0.20622325,0.205708159,0.447014078,0.342195488,0.357828574,0.195740906,0.195140648,0.193893072,0.306503897,0.283520607,0.314396425,0.203702785,0.209599556,0.209006007,0.271140601,0.24013256,0.271290358,0.192656372,0.195687244,0.195048665,0.235097718
2024-12-10 16:00:00-05:00,-0.005110215,-0.00509718,-0.900009155,0.194290491,0.243116283,0.182904228,0.190308968,0.200516415,0.204985063,0.520528938,0.33352764,0.212131114,0.209382009,0.209018918,0.447330906,0.339242434,0.352358946,0.195135034,0.195279592,0.194171549,0.306235279,0.282628016,0.312051282,0.203609875,0.209892773,0.209439152,0.271433075,0.240072249,0.270319474,0.192766361,0.195902033,0.195262629,0.235315728
2024-12-11 16:00:00-05:00,-0.007427774,-0.007400257,-1.300003052,0.196756744,0.224539798,0.177887466,0.181602775,0.184157815,0.192719091,0.2326498,0.319104157,0.202049996,0.200552219,0.200397446,0.219970191,0.339438767,0.347222311,0.194266178,0.193807603,0.191802418,0.305032335,0.282484728,0.309892114,0.203094747,0.209259792,0.208826787,0.271015978,0.239895788,0.269460886,0.192734762,0.195791721,0.195027256,0.235007093
2024-12-12 16:00:00-05:00,-0.006790178,-0.006767177,-1.179992676,0.150727093,0.206431193,0.171626043,0.18332044,0.188770219,0.194066928,0.223400619,0.304982099,0.196289923,0.200782575,0.202889981,0.217060639,0.339557349,0.342066454,0.195379991,0.194979884,0.192493056,0.305585979,0.282653879,0.307689214,0.203762788,0.209999437,0.209486617,0.271529153,0.239686714,0.268569075,0.192735497,0.195793123,0.194947638,0.234952656
2024-12-13 16:00:00-05:00,0.001038739,0.001039279,0.179992676,0.13303074,0.190541322,0.168603384,0.182155972,0.188150025,0.19221557,0.222685239,0.291312847,0.195262254,0.200074442,0.202582647,0.21617243,0.33905845,0.336765801,0.19588332,0.195677667,0.193161209,0.305396533,0.282165656,0.305275844,0.203476925,0.20990886,0.209516768,0.271463086,0.239604558,0.267509099,0.192769377,0.19591167,0.195105275,0.235034156
2024-12-16 16:00:00-05:00,-0.010086985,-0.010036282,-1.739990234,0.133167584,0.179803566,0.174262488,0.189424955,0.195513354,0.201488637,0.225272138,0.280098837,0.194705272,0.19937509,0.2018997,0.218124363,0.338880282,0.332299768,0.195088653,0.194765714,0.192330405,0.305334396,0.28241511,0.303440828,0.203375984,0.209878664,0.209533657,0.27181419,0.239821626,0.266832153,0.192791926,0.195953524,0.195069064,0.23522722
2024-12-17 16:00:00-05:00,0.021614051,0.021849326,3.75,0.186725735,0.22834475,0.193699465,0.197613359,0.193435841,0.207401496,0.211628046,0.290920956,0.199688167,0.206084206,0.208739115,0.223370983,0.342084936,0.333544814,0.198504265,0.196491525,0.19304174,0.306639548,0.283710199,0.304309353,0.205108933,0.210850202,0.210055501,0.272628328,0.240667721,0.267518087,0.193718572,0.196480921,0.195401045,0.23577336
2024-12-18 16:00:00-05:00,-0.013547857,-0.013456498,-2.36000061,0.192678918,0.225449475,0.200412959,0.200622195,0.19342589,0.210188975,0.218232174,0.283700204,0.202987816,0.207381443,0.209066257,0.22524384,0.342791994,0.3301021,0.199642404,0.196923755,0.193023169,0.306964176,0.284322004,0.303020964,0.205423502,0.210785864,0.209832368,0.272668887,0.241041691,0.267155595,0.193863137,0.196393537,0.195225703,0.235659806
2024-12-19 16:00:00-05:00,-0.008707317,-0.008669518,-1.5,0.149828234,0.209955992,0.195694337,0.201877178,0.19707201,0.209244106,0.221303096,0.272324384,0.203282489,0.207718316,0.208945745,0.224650367,0.343075778,0.325516314,0.200890072,0.198437179,0.194468162,0.307764181,0.284222933,0.301050077,0.205498483,0.21109644,0.210183924,0.272803439,0.24122135,0.266382336,0.194093795,0.196643291,0.195456192,0.23584543
2024-12-20 16:00:00-05:00,0.023394887,0.023670694,4.059997559,0.194920612,0.25262529,0.214189989,0.217844726,0.210022656,0.221372568,0.233456373,0.286668684,0.214327342,0.21783769,0.216985525,0.232462435,0.346690375,0.327955318,0.204911828,0.202249048,0.197665795,0.309984713,0.285480242,0.302497564,0.207248312,0.212750504,0.211632389,0.273906735,0.241936061,0.267372018,0.19496917,0.19759618,0.19634243,0.23653651
2024-12-23 16:00:00-05:00,0.015877371,0.016004087,2.809997559,0.209808055,0.247736471,0.21993283,0.219552154,0.208552753,0.221998118,0.226190682,0.283508617,0.208719936,0.210520081,0.209355758,0.225372572,0.34841593,0.32618221,0.205500985,0.201935631,0.197013347,0.309839054,0.285823577,0.301838962,0.207691422,0.212904092,0.211557776,0.273938109,0.242355448,0.267232887,0.195342982,0.197819756,0.196478169,0.236719085
2024-12-24 16:00:00-05:00,0.00898469,0.009025173,1.61000061,0.213170098,0.228496066,0.214545729,0.211035279,0.199299722,0.214632977,0.203900068,0.272730102,0.200725424,0.201095981,0.19991455,0.209591866,0.348330526,0.322117364,0.204863575,0.201510267,0.196736695,0.309493134,0.286064991,0.299999973,0.20769904,0.212817587,0.211364193,0.273807785,0.24205822,0.266457117,0.19528151,0.19777067,0.196440295,0.23664299
2024-12-26 16:00:00-05:00,-0.004454367,-0.004444461,-0.800003052,0.212660795,0.216020421,0.210293622,0.205008021,0.193223892,0.209518022,0.204716897,0.26175377,0.197686761,0.196867582,0.191971455,0.203368511,0.348299392,0.317270512,0.204168819,0.200868379,0.196239375,0.309104339,0.285532984,0.297759692,0.206981409,0.21217726,0.210780145,0.27343059,0.242097754,0.265487894,0.195315282,0.197821515,0.196500048,0.236706527
2024-12-27 16:00:00-05:00,-0.006662786,-0.006640639,-1.190002441,0.211853501,0.206276258,0.210761713,0.207432975,0.19704862,0.212622043,0.189296765,0.252378281,0.191046621,0.193771738,0.191137061,0.201497051,0.346966577,0.312778002,0.201523829,0.197630143,0.193094491,0.307368019,0.284987951,0.295695453,0.206828333,0.21211602,0.210803982,0.27347182,0.242208538,0.2646186,0.195417514,0.197989351,0.196715172,0.236935929
2024-12-30 16:00:00-05:00,-0.010220001,-0.010167955,-1.809997559,0.215985751,0.201779913,0.202763589,0.197779799,0.187478588,0.202772616,0.187140001,0.245926985,0.188433273,0.191308179,0.188655579,0.199355126,0.346056468,0.309042696,0.200923795,0.197401492,0.193054132,0.307293608,0.285207509,0.294034576,0.205899731,0.210871256,0.209315137,0.272593772,0.242449728,0.263982988,0.195471211,0.198051943,0.196779146,0.237047707
2024-12-31 16:00:00-05:00,0.008477022,0.008513053,1.5,0.218448036,0.192405065,0.20083019,0.193712911,0.182375271,0.198855833,0.190509338,0.238090689,0.189413092,0.191959819,0.189154323,0.200043794,0.346645446,0.305267969,0.200749413,0.196975333,0.192498891,0.307043619,0.282888732,0.29223322,0.205470792,0.210651226,0.209184234,0.272002431,0.242574676,0.26319786,0.195555262,0.198117772,0.196833673,0.237095932
