,ADBE,ADBE,ADBE,ADBE,ADBE,ADBE,ADBE,ADBE,ADBE,ADBE,ADBE,ADBE,ADBE,ADBE,ADBE,ADBE,ADBE,ADBE,ADBE,ADBE,ADBE,ADBE,ADBE,ADBE,ADBE,ADBE,ADBE,ADBE,ADBE,ADBE,ADBE,ADBE,ADBE
,"log_change, 1D","pct_change, 1D","diff_change, 1D","classical, 11D","ewm, 11D","parkinson, 11D","garman-klass, 11D","rogers-satchell, 11D","yang-zhang, 11D","classical, 21D","ewm, 21D","parkinson, 21D","garman-klass, 21D","rogers-satchell, 21D","yang-zhang, 21D","classical, 63D","ewm, 63D","parkinson, 63D","garman-klass, 63D","rogers-satchell, 63D","yang-zhang, 63D","classical, 126D","ewm, 126D","parkinson, 126D","garman-klass, 126D","rogers-satchell, 126D","yang-zhang, 126D","classical, 252D","ewm, 252D","parkinson, 252D","garman-klass, 252D","rogers-satchell, 252D","yang-zhang, 252D"
date,,,,,,,,,,,,,,,,,,,,,,,,,,,,,,,,,
2024-06-03 16:00:00-04:00,-0.012989887692786023,-0.01290588323122388,-5.740020751953125,0.3349589928090232,0.3705623678226349,0.24591957861524194,0.24542186745365005,0.2513896002634391,0.29766066849407946,0.28449889295319325,0.3277900418049849,0.22206316453246563,0.2310512806931841,0.23952086480193038,0.272573705167937,0.3905598017066579,0.3279577560606981,0.23067893952494734,0.23261781262221196,0.23458831471799854,0.37625548237687784,0.35332344966353907,0.3397181269839764,0.23156953082864754,0.22667783617128734,0.2248215279621473,0.3320567098444737,0.3237087506531898,0.345101272285013,0.2379130945300424,0.23248274023313015,0.2296925532491693,0.31933357157582964
2024-06-04 16:00:00-04:00,0.021073828420816263,0.021297449632126986,9.350006103515625,0.3621376245277531,0.3930108042798372,0.2506583844605829,0.24924215970600547,0.2543160372012089,0.3060458433097899,0.2856954325762688,0.33929717633090667,0.2215106565608459,0.22940804509933646,0.2370562408604366,0.26951404426034453,0.38621339083992834,0.330161271954597,0.2254239998599964,0.2283386094008198,0.2309811871553726,0.37398978119826826,0.35484276178575097,0.34026424925044746,0.2315332435754461,0.22640956079569527,0.22442079668228676,0.3321806124318379,0.3236272253832075,0.34515186430994355,0.2379224741887864,0.23245131934940347,0.22964737383289519,0.31919784723589567
2024-06-05 16:00:00-04:00,0.0164353165098867,0.016571119291422187,7.42999267578125,0.37697894230009177,0.3843729275187802,0.2554719731557336,0.2524253603521168,0.25527485000054234,0.3089047651816127,0.2868250218817135,0.3381348066009584,0.2242293590364295,0.2314134771696996,0.2387598999322606,0.26995079400912825,0.3881827715346735,0.3294639167970333,0.22536803854247509,0.22781346860478516,0.23033009160335996,0.37359921236834204,0.3555238297227811,0.33957905354830953,0.23169921657386638,0.226281381497961,0.22406961880388657,0.33173347587441643,0.3239967370372788,0.34465441604201774,0.23758203819246124,0.23179642484333451,0.22895342998696858,0.3187318447397953
2024-06-06 16:00:00-04:00,0.005098907261305479,0.005111928811420086,2.33001708984375,0.3804109800859226,0.3537074112815849,0.2570968997901474,0.25471947635714937,0.26538714665751784,0.3160386524382101,0.2884663799253082,0.32444972458296584,0.2273447919789899,0.23558335737374528,0.24724579382860776,0.2768861904880288,0.384831067803864,0.32495586055483583,0.2241867493479019,0.22659597979362348,0.2302975948194868,0.3725694545359475,0.3556671680939524,0.3371758649664621,0.23199220178579963,0.22683643473820567,0.22532596580104405,0.33207331473269347,0.32401807511161357,0.34338986402948174,0.23787075470816568,0.2322063276236935,0.22972023061858826,0.3192107577285316
2024-06-07 16:00:00-04:00,0.01580869644188343,0.01593431496554354,7.29998779296875,0.3910241857702937,0.3391110114492445,0.26281305756955275,0.25843823804705573,0.2680585367131863,0.31867840727749575,0.2952835684615834,0.3203419534486349,0.22938747343685595,0.2360130609185305,0.24660798712835896,0.27701219328703,0.38654271278166524,0.32375114201105243,0.22490417223279133,0.2267485707863775,0.2299030033565761,0.3725105606506872,0.35635133872698704,0.3363160629635004,0.2319891640101287,0.22712455985657345,0.225823385879311,0.3319737179808638,0.32253558921361936,0.34282427359974227,0.23676911510941748,0.23164357263569968,0.2294946873417469,0.3187637402996009
2024-06-10 16:00:00-04:00,-0.011865642231947526,-0.011795523109313977,-5.489990234375,0.39275910790813046,0.32111709059857246,0.26018599166573786,0.25351888522890165,0.26279684939895437,0.32949371652006565,0.2955353837863669,0.3101331992658902,0.23148668594860342,0.23898497093663768,0.2494956479030807,0.2924194364296168,0.3851387545364229,0.31991870960569724,0.22526113772353698,0.22733071811049319,0.23049474128489664,0.37581900492594505,0.3550152155624847,0.33429625639781235,0.23214857650674978,0.2275003655923106,0.22622089095619374,0.3337740540447781,0.31915996205111447,0.34183386764377627,0.2360010854108532,0.231399629655078,0.22949326718914032,0.3192150190333158
2024-06-11 16:00:00-04:00,0.005961237178908027,0.005979040712707606,2.75,0.39023413562555653,0.29578528368495105,0.25498556598800914,0.2459053275139895,0.25497306641814593,0.32408690412085045,0.2968885862995954,0.2977027203494228,0.23045823713431168,0.23611813857951094,0.2456279390969315,0.2904045783913574,0.3786234146214729,0.31565393550523335,0.22314682997983837,0.22503785548413138,0.22805693993459764,0.3730618936783984,0.3551539901797708,0.3319944440237108,0.2321972862458102,0.22741641864002882,0.22603714316821233,0.33372166787361474,0.3174543257380978,0.34060963142132883,0.23553194572467362,0.2306379079016346,0.22831257802579524,0.31600994217834677
2024-06-12 16:00:00-04:00,-0.006113458451866054,-0.006094809287727987,-2.82000732421875,0.38772577939014485,0.27326389515498,0.2597252590564597,0.24657400281699152,0.25284507221390345,0.33878338782197276,0.29690374616804666,0.2849585235116185,0.23380329886752835,0.23642600066429775,0.2444056434824387,0.2951449728764141,0.3784551072255437,0.3109230349339364,0.22390998834226525,0.2247724945875837,0.22692429229878963,0.37439932320472386,0.35313360686291645,0.32949715538535534,0.23249239719173506,0.2273328238073422,0.22580593722378167,0.3340855125621714,0.3143717421329927,0.3393477977100499,0.234828615188335,0.22969789871621082,0.22737546718682863,0.3150952655639362
2024-06-13 16:00:00-04:00,-0.0024602507501758405,-0.002457226813687985,-1.1300048828125,0.38765371168901774,0.24976016176381552,0.25847852982886327,0.24653955162549454,0.2509154257001687,0.3336933927705689,0.2933656742292098,0.2717583539840967,0.22754302243575225,0.22864816097393315,0.23338908375728074,0.2869620419992571,0.3784405819210856,0.30603085653051376,0.22398839166937695,0.22546156266634945,0.22778766984165008,0.3742898612063329,0.3524074616085607,0.32689714331090364,0.23261118352520677,0.22775543943411788,0.2262735139393729,0.3342905831197416,0.31424236378972853,0.33801295510015694,0.23362930910242743,0.2284078015830557,0.22596454894721035,0.3125119363164591
2024-06-14 16:00:00-04:00,0.13550498039393652,0.14511489894353313,66.57000732421875,0.660320647125472,0.875953414598577,0.22863123524185605,0.2351806011256223,0.24857960334170995,0.7518754725339492,0.5564693735941865,0.6903975272655813,0.2260380886177937,0.22659678804232058,0.23141082051992962,0.58169458054599,0.3644157501386875,0.48686974582992265,0.22146086579634763,0.22239710877632216,0.2245794074983717,0.39003608334968104,0.4024310158632358,0.4232914038580149,0.23266468691549547,0.22784559363706153,0.2262703564515089,0.3930172742936561,0.3422806622292482,0.3875137847401508,0.23368418401733476,0.22845384333885074,0.22599523034211802,0.3446850588358693
2024-06-17 16:00:00-04:00,-0.012585784447071861,-0.012506914687999915,-6.57000732421875,0.6687357880891659,0.8277932208175768,0.2382730770092821,0.245870401698675,0.2600856537853272,0.7569427152384295,0.5585722363028301,0.6675217925354122,0.23987977621769782,0.24407514638398592,0.25573452091790383,0.590378158312329,0.35545942565666044,0.48101838911630124,0.22145083569447108,0.2263374445591656,0.2323306498508706,0.39286815557095023,0.3922370908448518,0.42075607200379544,0.234127231706575,0.22996932795141922,0.22957323231574872,0.3878324081188688,0.3417364423891314,0.38640992704823085,0.2334692025168818,0.2288700293127495,0.22729226826366297,0.34513387782539356
2024-06-18 16:00:00-04:00,0.006743625011670914,0.006766414449826952,3.510009765625,0.6552077926753854,0.7579265128711649,0.24166101832103737,0.25324822956587345,0.2710946281735065,0.7658026761093589,0.5586223485540855,0.6365404435034968,0.24883121556977159,0.25427764483387005,0.2666482726219584,0.5964330522227549,0.35457910360199424,0.4736312909300889,0.22270976906522988,0.22895290173469962,0.23578281736382498,0.3944073996948627,0.39238557538067786,0.41762169179992453,0.23499209074449673,0.23091737125694092,0.23064433215995858,0.3884773639347692,0.3416942759916954,0.3849878490183065,0.23255984790350723,0.22915485949427414,0.2282101294920608,0.3410347123851552
2024-06-20 16:00:00-04:00,0.0013394801062373096,0.0013403776103997345,0.70001220703125,0.6579937007974117,0.696760878835282,0.24551307930704727,0.2596048216871085,0.27801132852291643,0.7679088121579384,0.5586701332932283,0.6079051106921856,0.25210650875235774,0.25809678492186533,0.26969529068257153,0.597597741900143,0.3544958685225292,0.46617681125351834,0.2230711984739131,0.2293817751643979,0.23572857490377336,0.3946985017366832,0.3907384599292982,0.41432390831363075,0.23471995712563173,0.23067185116207772,0.23050119160265814,0.3882809453591192,0.3411510441031408,0.38346586125290333,0.23249180549692827,0.22899122808185426,0.22805425707702356,0.34057606146048164
2024-06-21 16:00:00-04:00,0.019860723596238108,0.020059259947434738,10.489990234375,0.6585188168406293,0.637741402284779,0.2432732650749664,0.25972865645635257,0.2797924788940837,0.7662319231664213,0.5602707043476846,0.5822299640114799,0.2513605865074489,0.2567907786063137,0.26890887358723375,0.5962861971001465,0.35525234323567734,0.46150049641329516,0.22203615660175446,0.2283840170985341,0.23497849729986334,0.39479578250170416,0.3915961594292755,0.412843616974744,0.23440071380266547,0.23026285006938163,0.23001252121782167,0.3885055651989856,0.3412459239854209,0.3829375471536642,0.2314325139098497,0.22823012920676589,0.22756284988250838,0.3401594017506421
2024-06-24 16:00:00-04:00,-0.017530577556036576,-0.01737781097934854,-9.27001953125,0.6751828939116307,0.6134457558810794,0.24116275105011498,0.25308924151678125,0.26496714717693287,0.764839979605293,0.5656156473803274,0.5689770281449371,0.2535638078764178,0.25775686176770357,0.26892226746979536,0.5972980744387051,0.35387898699750425,0.45768652293074524,0.22061595407423806,0.22692190343986263,0.2337322111504779,0.3939635638036121,0.3918445769261765,0.41118918124364134,0.23404619054799186,0.22948467783616738,0.2286975516559473,0.3877941412015041,0.3417187349691958,0.38226341683679116,0.23155745988319557,0.22825975643717836,0.22753620101777197,0.34012243515594826
2024-06-25 16:00:00-04:00,0.005156801312349348,0.005170120497191455,2.71002197265625,0.6756896632421253,0.5603667967331702,0.23521679545091612,0.2496484366731977,0.2618008922846381,0.7618942640209548,0.5653259064631775,0.5425475424621422,0.24911421762825367,0.2526557734944186,0.26427802639531633,0.5953396094870963,0.35276244007980617,0.4505642848466668,0.21875736871666557,0.2258920759925164,0.2329948161356632,0.39285711518877836,0.391784477750456,0.4080434182789294,0.2336792772487352,0.22900105415240304,0.22822797276107287,0.38725893740844397,0.341444146540113,0.38081010115153147,0.23095026570964702,0.22791660465928154,0.22733036358588726,0.33976335095323035
2024-06-26 16:00:00-04:00,0.003372624412097656,0.0033783181089110936,1.77996826171875,0.6664119417901343,0.5123103340414151,0.22675416577628826,0.2418304407877368,0.25529403950291374,0.7352337305842225,0.5603965859368851,0.5175158593772187,0.24477234204027598,0.24808934906643826,0.25999139500753865,0.5925233529425326,0.3528058888338299,0.44348258108658134,0.2179304783896527,0.22478407703477685,0.23191904236417907,0.39230645259095015,0.3918295049851773,0.40485592676492427,0.23365107898635867,0.2289808338098683,0.22819845360916996,0.3872637048917882,0.341274160396757,0.3793254860213496,0.23079063324093343,0.2277371711463222,0.22710152697641034,0.3396169105143617
2024-06-27 16:00:00-04:00,0.03366451483778991,0.034237577158400256,18.10003662109375,0.6725586834107968,0.49579098792862103,0.23998286417832207,0.2507327361819325,0.26132298153946987,0.7303291800914997,0.5691130039203923,0.5097710281471313,0.2502799587866381,0.25101931546798495,0.2610274448768523,0.5923348177454862,0.3586123621138923,0.4452374933251971,0.2174530506140486,0.2235954072918179,0.2304408930124716,0.3911659152995235,0.3948823822919235,0.406974066299249,0.23506829431040632,0.22992937028841892,0.22884357613843379,0.3880244000322419,0.34232587345484855,0.3807184414599512,0.2311780311048779,0.22805788030201735,0.2273529451587844,0.33992254516653647
2024-06-28 16:00:00-04:00,0.015930606990770497,0.016058175625321303,8.77996826171875,0.663183931704547,0.4534052161662652,0.23470781570515697,0.250217276084146,0.2627254392457699,0.7320798461076359,0.5692379034700696,0.4871980003997823,0.24944063722057272,0.2497768936803543,0.2586073435249838,0.5876141997070305,0.3598006296147886,0.43967426462451453,0.2176459642769617,0.22363669507653944,0.23023226202686844,0.3910710177989791,0.39555925901005673,0.40482285013505587,0.23545824105143331,0.23032442333262504,0.22919577046329065,0.3883127997762711,0.34236332792647123,0.37982033950529415,0.23116695318545843,0.22794837619280323,0.22706966899105108,0.3394889312226896
2024-07-01 16:00:00-04:00,0.00801408401479849,0.008046282743059852,4.47003173828125,0.6572345877020829,0.4147490251425164,0.23559125402463466,0.24713776806993698,0.25855169720357124,0.7336083626375661,0.49782867091596306,0.46457196843736565,0.23238355365530425,0.24077364220857989,0.25396731292802516,0.5727555906691079,0.35978358521428416,0.4329305546519203,0.2183024267117825,0.22380303496115242,0.23017779485625173,0.39175966503748794,0.3957445182204634,0.40183910234270137,0.23598590914633347,0.230684694062128,0.22944414445415698,0.3886905853756343,0.3424374454906617,0.3784533281566531,0.23137015664473776,0.22803108698142696,0.2270557525585123,0.33958987751049063
2024-07-02 16:00:00-04:00,0.013656105512100608,0.013749776026778182,7.70001220703125,0.22648098970753308,0.3788323641732611,0.23126509591006825,0.2395784164317908,0.2511957768402724,0.26916452339275776,0.4955113782515369,0.44342070370285913,0.22554764097743543,0.23015112727660936,0.2368968484502171,0.5670450423136684,0.36023603267235166,0.42701989819136155,0.21817730450919887,0.22331148512536705,0.22964438614002675,0.38988170307563114,0.39623746103352975,0.39939483441608514,0.23621626771710702,0.23069965635049294,0.2294008259515175,0.3887451646074608,0.3425369300789468,0.3773867743853684,0.23128758545502176,0.22789671342680298,0.22686950261105665,0.33948062172522087
2024-07-03 16:00:00-04:00,0.004288763260766255,0.004297973167582736,2.44000244140625,0.20276005772833025,0.34905353602829486,0.20473255711368446,0.20470541963441333,0.20128650561616415,0.23118287963522197,0.48825946075002435,0.42353986271305116,0.21867754436062092,0.2235453285839207,0.2313436772854871,0.5664300223535256,0.3600224276314753,0.4202956668890717,0.21857471892686245,0.22348262080229483,0.22971979527160732,0.39020012421348693,0.3943148934124237,0.39627173909183144,0.23566683627147145,0.2301777132170126,0.22892767734962374,0.3881739944708143,0.3424538573666876,0.375921800286916,0.2312827581237194,0.22780444358207277,0.2266323193789492,0.33937593146800515
2024-07-05 16:00:00-04:00,0.014262450535577856,0.014364644550919792,8.19000244140625,0.2042225267711606,0.319428224593686,0.19046261891635569,0.18568364277567115,0.1773660641158961,0.2072380209787006,0.48731202287191777,0.40452209667165284,0.2191071350499238,0.2240029660860464,0.23173570128821652,0.5669854951629261,0.3579276194819005,0.4146650777322184,0.2158322536981257,0.22302255543194413,0.23019885998009726,0.38921956225972126,0.39430990800764093,0.3939278908052381,0.23605819465264571,0.230492602450442,0.2291652737443616,0.38809974859559804,0.34270644909615555,0.37490125436065974,0.23129087866113698,0.2278163331312926,0.22664102728854604,0.33926753202078186
2024-07-08 16:00:00-04:00,-0.005096483912195021,-0.005083518872784132,-2.94000244140625,0.21267242331339214,0.3087373807217912,0.18856444261025923,0.18456231399769005,0.18188924610631504,0.21143256974520827,0.4906073090391422,0.3918229269035885,0.21907906229949303,0.22600932295553663,0.23649720455541667,0.5710533676382554,0.35801087729442677,0.40897311462071434,0.2164231446190984,0.22396476925232822,0.23186874272091304,0.39072111290521266,0.3941974478625037,0.39106050836432216,0.23664688143278892,0.2313830319328404,0.2304838562442553,0.38897776986968347,0.34250711483975566,0.37351749185942873,0.23149403052839904,0.2280957438232782,0.22706469190304504,0.3392932427886704
2024-07-09 16:00:00-04:00,-0.01643604577294237,-0.0163017109572845,-9.3800048828125,0.23446598027503138,0.3215965514291489,0.1909707783989682,0.1851687394174076,0.18006156146278282,0.20261406423343362,0.49951473502857136,0.39111498014178275,0.21831675098388725,0.2234184135909529,0.22891688443130198,0.569984612308966,0.35995475345773037,0.4065381720293613,0.21668276394174568,0.22379078500984897,0.23114422027784054,0.39063952326698603,0.39484396644307135,0.3896515503112916,0.23720698099246662,0.23192943398662239,0.23082487885932607,0.3891391705674679,0.34285118610484544,0.3728499781219583,0.23150425971931327,0.22802029334942156,0.22692991408368052,0.3392671030482268
2024-07-10 16:00:00-04:00,-0.0026005157702826947,-0.0025971373583193458,-1.47003173828125,0.20696427741245252,0.296742067332406,0.18659384832093656,0.1843666223430118,0.18223014468205098,0.2007259456314614,0.5009188069420879,0.37511124520546585,0.21529590589347394,0.22194149911282193,0.22819997668600026,0.5698996791173353,0.35888442645374147,0.4004810430780247,0.21608556436321452,0.22360865919370362,0.2313096353171556,0.39069618177235654,0.3928592539106308,0.38665711410329556,0.23671517380040413,0.23204494924225652,0.23129244568968174,0.38913008970123913,0.34215548499489623,0.37140575231201733,0.23105241726154616,0.2278165211688144,0.22688068547435472,0.3391428284396389
2024-07-11 16:00:00-04:00,-0.012333263239931934,-0.012257520254688181,-6.91998291015625,0.22637046602006053,0.2875341412339044,0.19852071401057453,0.19806966554768296,0.20091762405519822,0.2166730292311071,0.5011690725207318,0.3670178436774237,0.21735057503942132,0.2252079649640737,0.2341207628518663,0.5613019353593451,0.3591108126377417,0.39653505016352236,0.21674241324886884,0.2241118478996371,0.23216946207990113,0.390866880370499,0.39297390892979894,0.3845729708580845,0.23733119354418644,0.2330046257055954,0.23270967582333035,0.38977889823991296,0.34200508743269575,0.37040101592579644,0.23100382281716905,0.22782679793872823,0.22705464666988076,0.3392235262828769
2024-07-12 16:00:00-04:00,0.002543223994052176,0.0025464607315286436,1.41998291015625,0.2265699040866728,0.2627538825385375,0.20376737907846257,0.20423728378558811,0.20668493327985477,0.22036667931391216,0.5015846268168227,0.3499781860891933,0.21818756162908973,0.2274279211191628,0.23647081794647462,0.5614034666882424,0.3587248147191206,0.39029026038173914,0.2167183039568905,0.22404475143811536,0.23190466762697953,0.39096971799488506,0.39280557375918257,0.3815417969639875,0.23754156416788988,0.2333684316162271,0.23305432120176003,0.3899936931743531,0.34197825332211274,0.3689427125236015,0.23090849863915172,0.22766393822302092,0.2267283173314055,0.3389506827752153
2024-07-15 16:00:00-04:00,0.011842725489723724,0.011913128208767443,6.6600341796875,0.17551805411220517,0.249222793167281,0.1869577002692203,0.19324116752276047,0.19976841487295754,0.2062854806824308,0.4986116146396472,0.3359223191378604,0.2135746662849388,0.2252196960284774,0.23569416684457273,0.5597984505600901,0.3559933815154895,0.3849867972557722,0.2158483124658266,0.22277687847108765,0.23031079581321343,0.38890935378023483,0.39286440801808387,0.3791092653263052,0.23707548802336278,0.23269462992216644,0.2321006916650906,0.3895142990134758,0.34164174356032717,0.3678126886166761,0.2307756547034957,0.22758563570751572,0.22668699019776778,0.3388779767987396
2024-07-16 16:00:00-04:00,0.001466029946276266,0.0014671050935131102,0.8299560546875,0.16200042907420104,0.22764869391575945,0.18344551637834292,0.1908478148191728,0.1980650595732451,0.20065625874956314,0.4975732813302873,0.32056894472781394,0.2117821701544843,0.22277587989361206,0.23334179991000403,0.558401750545365,0.35527065454597406,0.37894713580306943,0.21497510219692,0.22230561857521272,0.23006695046885636,0.3886602214814486,0.3928700405942555,0.3761123224584439,0.23720768682608598,0.23287771115865993,0.23225091998758648,0.38960574902435097,0.34160507087108066,0.36635701738812365,0.23057258902091798,0.2273102292598707,0.22634301472200663,0.3386834643410789
2024-07-17 16:00:00-04:00,-0.00610812723317259,-0.006089510547671373,-3.449951171875,0.16241194416443153,0.21462974130041948,0.17899544730672887,0.19054334268993167,0.20214664414290437,0.20213628780214846,0.20131535744376822,0.3093328474678168,0.2083361350947219,0.219129906644239,0.23138025070077142,0.24421320031378946,0.35513939830681834,0.373827857785328,0.21410629595250474,0.22173552698753318,0.2300871449830853,0.38877383027632983,0.39293825122088333,0.37343735937722666,0.23717674925080656,0.23294045442412217,0.23243816378970578,0.38962339195319634,0.3413986690843102,0.36503799061563674,0.2304435635313572,0.22738395900546254,0.22660164578759134,0.3387823324138276
2024-07-18 16:00:00-04:00,-0.011143660964941848,-0.011081800372807704,-6.24005126953125,0.15498947371398358,0.21013877671492923,0.17647909591015748,0.18763779891457247,0.19903573564214994,0.2011049716881086,0.1999381282216857,0.30240944722814694,0.19351208133614173,0.19936481871552894,0.20356347989110773,0.22199477422010302,0.35599051074757376,0.3699398505081147,0.21379815466746585,0.22085155061038594,0.22903767311579395,0.38834712052858367,0.39321664286893476,0.3713063693176397,0.23660524956521492,0.23192832388299311,0.23086864781460398,0.38860600391659644,0.3410487930386419,0.36398149159444143,0.22971927200476008,0.22670849784670752,0.22602547994234962,0.3383441883950665
2024-07-19 16:00:00-04:00,-0.010561050843035751,-0.010505478750864494,-5.8499755859375,0.15668302107194548,0.20090037479544579,0.1830875315862359,0.19593688736484352,0.2069785121279658,0.2075330508306618,0.20518301499110117,0.29411391703857737,0.1865154401204208,0.19101799605288616,0.19355615834014817,0.21249003698641608,0.35680837015864936,0.3658486482152184,0.2149067488729562,0.22212109245886924,0.23024911746660712,0.388995275918793,0.3934418209036213,0.369096884561196,0.23663057283301986,0.23198653843762398,0.23095926970229275,0.3879603988253276,0.3410791727754604,0.3628873360065979,0.2296306791425016,0.22664404116614068,0.22594812578067122,0.33825899701767403
2024-07-22 16:00:00-04:00,0.006908940865759703,0.006932862657384353,3.82000732421875,0.13910916502128493,0.19254916374158856,0.17784978717690722,0.19191477744556287,0.20397055925821186,0.21669202272768617,0.20567484701555647,0.2819177609610768,0.18166679215294476,0.1848457152109635,0.18710586933219822,0.2097084792035923,0.35462754259539103,0.36036539683240687,0.2127348148930402,0.22113879955548232,0.22978057176746977,0.3889045628679351,0.39123031947251136,0.36637218641444164,0.2346737505075484,0.23059088860110558,0.2298567561839764,0.38750780834980647,0.3405592478373545,0.3615587285769852,0.2291875110590715,0.22606487954307575,0.2253337409390341,0.33803114377373406
2024-07-23 16:00:00-04:00,-0.01600644153773965,-0.01587901921757029,-8.80999755859375,0.15101369581982726,0.19900086080114276,0.1786553747576819,0.18483221332760788,0.18929381696553457,0.2022297974896825,0.20575375891282566,0.28068941793405805,0.18361486894141454,0.18341057096914523,0.18356016009622592,0.20320847202226455,0.356604573806416,0.35820794864424305,0.21324572557113022,0.220734269202136,0.22886615136850533,0.3882804520435512,0.39143638698115724,0.36504069576884957,0.23420298038572407,0.22990835701777787,0.22899823714344472,0.38702643859099733,0.3408908867373446,0.3608920268626943,0.22930305758448383,0.22592572459908708,0.22491174289351945,0.3377524400493247
2024-07-24 16:00:00-04:00,-0.027800001885920956,-0.027417137910543343,-14.97003173828125,0.1801317090942476,0.23617947775061712,0.18382525108786163,0.181988642001017,0.18336559153348486,0.1998450284766056,0.22005428887041467,0.29693654363661504,0.18681045064084983,0.1836085712629479,0.1823171753998251,0.20408337375603464,0.3610494761821132,0.3618301265021155,0.21491176325731925,0.2211598739239075,0.2287626419994815,0.3887427497674655,0.39305350541235956,0.3665562927189118,0.2345758714769982,0.2296060981736304,0.228361906596139,0.38690788360964024,0.3419686450459383,0.3616721734984066,0.22957437119674004,0.22587245730837538,0.22465726871593233,0.337742717851291
2024-07-25 16:00:00-04:00,0.002088143770198063,0.0020903254606974286,1.11004638671875,0.1835945303413511,0.22370799298859775,0.19503420210730726,0.1958003842668086,0.19506217622182917,0.21424935824641533,0.2195132411862102,0.284036411320832,0.19312274155352205,0.19155585329954125,0.19001062825590878,0.21336343101636668,0.3607663320994474,0.35615892924207165,0.21673991917076849,0.2236254426551269,0.2311582801225858,0.3903025135798774,0.39238420973583776,0.36367603681555555,0.23415076140692523,0.22898125997437452,0.22751137882139807,0.3866072238614346,0.3419634746144124,0.3602484815995629,0.22993544803763621,0.2264260437633705,0.2252298253253367,0.3381145433496718
2024-07-26 16:00:00-04:00,0.01915203435531863,0.019336611021814276,10.28997802734375,0.21300797056191534,0.25674623695164756,0.18973129063879576,0.18740090941763274,0.18012571385524564,0.20592504525374455,0.228750035554554,0.2888801945346756,0.19789996779584182,0.19616558888287405,0.1940833953807276,0.217829611075502,0.36190338907869424,0.3543533004342317,0.21728846077343564,0.2241588847401466,0.23158139997268107,0.38834569738197866,0.39152349020499577,0.3627309438043794,0.234053694877635,0.2287772966714014,0.2272852179598349,0.38607339626635206,0.3418544085174855,0.35980025242074853,0.22999964314318805,0.22648114298755215,0.22522650502925987,0.3380389413297846
2024-07-29 16:00:00-04:00,-0.010805938345374088,-0.010747763925234244,-5.83001708984375,0.2146031224388667,0.24102230225664545,0.1886828585667967,0.18226985243365715,0.17383397999025793,0.19745182488976754,0.19926086015917305,0.27970652246524297,0.1899656559483193,0.19025070935832483,0.18967409061335888,0.21091767935711492,0.3625753359678562,0.35035379950378276,0.21643650727563654,0.22273509648061293,0.2297557478469661,0.3873136734556617,0.3913378191272711,0.36057651952787856,0.23412824647771413,0.22874426687596278,0.2272221047559895,0.38605436921452335,0.34202937063071026,0.35872747148057815,0.22941598061949786,0.22575451403105684,0.2245167053633843,0.33722651420097094
2024-07-30 16:00:00-04:00,0.003905887134300284,0.003913525052497757,2.10003662109375,0.20315154598549212,0.22446594161560504,0.19639551939004848,0.19462581737430637,0.19035071832069658,0.2104659346836025,0.1906365352131783,0.26781594436222783,0.1922566184098982,0.19434602179966504,0.19589631379128067,0.21710132532358867,0.3618671410477954,0.3449471069651268,0.21665098756129095,0.2232851876624699,0.23085464548337173,0.3880524734650869,0.3894711362247228,0.35779229068575746,0.23333142327480436,0.2284758575842289,0.22728202234529865,0.38605334382087153,0.3408599589660582,0.3573411509393803,0.22914741075863035,0.22591432788068233,0.2249732548612536,0.3374748947430822
2024-07-31 16:00:00-04:00,0.023736397953292878,0.024020348450215057,12.94000244140625,0.2434510019497385,0.2600256264423568,0.20176249211888764,0.20081133388883413,0.19622134913153302,0.22097883662139406,0.207519113191695,0.28006906558145817,0.19261841704539756,0.19687320253905824,0.19899850708936503,0.2226625692117546,0.36109868403751194,0.3454368828765157,0.21563458102935854,0.22301027342102617,0.23072504219673387,0.3884220840656205,0.39105332225454287,0.357947971148258,0.23367879733336724,0.22886691934336673,0.227401861955376,0.3867058364556083,0.3401646074223895,0.35743882820708023,0.22918703498811785,0.22596351025592937,0.2248532195176009,0.3368864605312639
2024-08-01 16:00:00-04:00,-0.009544270912034459,-0.009498868916206438,-5.24005126953125,0.24531077900742046,0.24837092347580692,0.2272718980994896,0.23481825929192104,0.23080795800443643,0.2465250261959196,0.2027818864163333,0.27187131185591906,0.20602144257152544,0.21641406583878212,0.21997577525015882,0.23857937102998003,0.36118750589934767,0.3414033433191305,0.21623630796885376,0.22475804003473557,0.23202552825947684,0.3888116055413214,0.390634441195094,0.35571758746064874,0.23531287438402726,0.23112652537181372,0.22988763822657937,0.38752550635679506,0.3402572227856766,0.3563098027942217,0.2301279712230576,0.22728039481129447,0.22628467084525275,0.3377194224878266
2024-08-02 16:00:00-04:00,-0.03774523859225931,-0.03704176576041618,-20.239990234375,0.29608165492126476,0.3271930836890531,0.2420880861372334,0.25178268622418387,0.24969659394963373,0.2883020554420573,0.23632808210012113,0.3146112352509296,0.2149184645687136,0.2258386786826047,0.22994340357581475,0.25597900873647533,0.36900859132651026,0.3531126363550171,0.21857253857879486,0.22683350504335295,0.23364082872610806,0.3922029760862131,0.3932878501112798,0.3610537543944226,0.23653187617298221,0.23264038462306735,0.231581759229881,0.3894665715207394,0.3405682176484519,0.35896825349136885,0.23045322295065176,0.22770023199643738,0.22677655697337554,0.338104947533669
2024-08-05 16:00:00-04:00,-0.03254780487283388,-0.03202382525271241,-16.8499755859375,0.32362476652669653,0.34090806598183376,0.250513848231925,0.2632697400364649,0.26152236441826,0.371296130791437,0.2466006275551469,0.330096028215242,0.22058808476390918,0.23395189983921513,0.23835060264039307,0.3019048236527263,0.3732908803907733,0.35917867141694165,0.22040418231029615,0.2291570577937207,0.23573156086352604,0.4031147655079247,0.39534547011686044,0.3640062377456789,0.2362794189404806,0.2325333766581642,0.2314825950400232,0.3940669576498734,0.3418959153665959,0.3605129361955328,0.2310063010930714,0.2283923262203413,0.22730809452088288,0.3408371634665835
2024-08-06 16:00:00-04:00,0.00953580148601786,0.009581412103660147,4.8800048828125,0.32672999155911636,0.33506502233058644,0.2539394525078885,0.26854545970408444,0.2670390539073852,0.3706313676701767,0.2524546115126032,0.32276409887305496,0.2194446402201029,0.23259552927810132,0.23458864465257917,0.29983971378064317,0.37258182730890027,0.3547385455439526,0.2209301481714995,0.2300239782564355,0.2366213922268548,0.4035483624858545,0.3956012334022715,0.3616692035350857,0.23648539863935805,0.23284844482606185,0.2317000858118942,0.39431903504185783,0.34197872041421135,0.3593385646761438,0.23080107857227056,0.22810374373492254,0.22695348046517919,0.3406950122939121
2024-08-07 16:00:00-04:00,-0.0011286356507564776,-0.0011279989810856206,-0.58001708984375,0.3240431553647084,0.3081382327030972,0.2645943383989144,0.28495180637245293,0.29043009529786973,0.3907721438184715,0.2495408218667096,0.30811731390069513,0.22645785951293615,0.24127034405020575,0.24676798410720893,0.311484929830547,0.37253847634754234,0.3491540201258077,0.22407663892465465,0.23354277603977155,0.24112780879581244,0.4064686598267428,0.392233248202156,0.3588141702831115,0.23641858489127074,0.23390399288866798,0.2337515118988704,0.39533551063061056,0.34193577022405275,0.3579191754486346,0.2315150022306621,0.22893537999826638,0.22802808203091007,0.34154728903338727
2024-08-08 16:00:00-04:00,0.03184603289994723,0.032358543816806584,16.6199951171875,0.34590133281106433,0.36698226738786666,0.2609205955063155,0.28376945092352746,0.290288608447176,0.3955955353918173,0.27976350075934475,0.33841894441079207,0.22873838831325718,0.24101262608119237,0.2449185246020462,0.31481648732201845,0.3772091734115178,0.3553954829062878,0.22456787418831822,0.2331289199013667,0.24005264170471474,0.4065840584863944,0.39442581555230843,0.36164103715524437,0.23672578994747762,0.23380714409114384,0.23348788564404735,0.3955353185149766,0.3429829174737246,0.35930876281400687,0.23163809403483218,0.22885891256427965,0.22778489672903748,0.3415565257011601
2024-08-09 16:00:00-04:00,0.011363967406476615,0.011428782570539697,6.05999755859375,0.35022726067291904,0.3421049237288399,0.25366327178281683,0.2718002039675502,0.2778396710488147,0.38604515032975006,0.2818230316321022,0.3276553796693453,0.2244044665300499,0.23418022025502805,0.23536008061935262,0.30975896592494806,0.37686185743125705,0.3511460185427078,0.22448810127344493,0.2328610597012294,0.23976028130201738,0.40672022037833055,0.3948219337711285,0.3594624936162999,0.23687410894556457,0.23361531983296469,0.23315982938066795,0.39553946472423557,0.3429086798253423,0.358226453441147,0.23148953672524486,0.22859068321941026,0.2274395675781915,0.3414031348424606
2024-08-12 16:00:00-04:00,-0.010063511212347245,-0.010013043519330633,-5.3699951171875,0.339193649479704,0.3212202883747878,0.2540953880267648,0.27367765130104443,0.2807131123017838,0.3861375012285827,0.2827249494600288,0.3161397913017176,0.22635085262497634,0.2363564881765328,0.2378403565337936,0.3106517496238781,0.3775650215878336,0.3469054341243708,0.22505667404512053,0.2333378267476728,0.24001358808853868,0.40693920867290007,0.39405328065818535,0.3572246153391984,0.23709686730305032,0.23431363277922343,0.23404676238501657,0.39586631777075787,0.34303955379631285,0.35710987053378207,0.2316024334304867,0.22875664041646576,0.22764570119208385,0.34123582719479617
2024-08-13 16:00:00-04:00,0.008047650570613967,0.008080119952770248,4.28997802734375,0.33879229266247884,0.2974185685565652,0.2549850061479418,0.27703047833081385,0.284495163352795,0.38745470361809825,0.2806040054039524,0.30415738799039677,0.22767268146667974,0.23840173065080725,0.23972527291356738,0.3117695872389755,0.37779033758083685,0.34211668306087584,0.22517620546754688,0.23342132896443896,0.23996809879933906,0.4067915557312623,0.3928428777529481,0.35473960864219867,0.2367470907540154,0.23457942597546133,0.23453772239587978,0.39597274876540145,0.34281992238107495,0.35586379980032323,0.2316496461647446,0.22878664049721925,0.22765019757974062,0.3411043087498921
2024-08-14 16:00:00-04:00,0.008502311741028393,0.008538559049310335,4.57000732421875,0.34091594487505433,0.2750882372391842,0.2511629515156445,0.27213225883279063,0.27717108866763585,0.37924345449617397,0.28294959113722024,0.29262525521137533,0.22886375983194074,0.2397560026175911,0.24097195758222395,0.31258203738732887,0.37652093953391935,0.33745115275460796,0.2228647835339859,0.23050091465494685,0.2359281983593836,0.40442846303272784,0.3924614316400196,0.35230619085264125,0.23580717011962485,0.2333300398328931,0.23330791106670498,0.39363269224363995,0.3418833423974781,0.3546407760273673,0.23099740770069344,0.22860638360846788,0.22767752335235505,0.34092624397293975
2024-08-15 16:00:00-04:00,0.026273270926167283,0.026621455940516903,14.3699951171875,0.3455180711707062,0.29105582906180566,0.251681312990695,0.2695942681796261,0.2742856413133752,0.3729096005498216,0.2992294760155949,0.30318317429760805,0.23129904277493193,0.2404418115279904,0.24000707752626635,0.3136902843370153,0.37803049677048717,0.33961107195995927,0.2221083893663859,0.22889319566693914,0.2343012203203102,0.40373847773126487,0.39426275341273753,0.35324678905834717,0.23630246348795045,0.23359003846967263,0.23346678046360447,0.39396070662255445,0.3428082163470718,0.3551105259356384,0.23127684067559978,0.22877336881187266,0.2278039008072121,0.34110813387784505
2024-08-16 16:00:00-04:00,-0.0012638834043008727,-0.0012630850400529026,-0.699951171875,0.341757431546501,0.2700403406649555,0.2275950050933241,0.2387874330321542,0.24265136607806645,0.3530138581238196,0.2968580213268908,0.289829743416745,0.23078977202889128,0.24137132491036714,0.24182690100087395,0.3151019170884195,0.37781097239423966,0.33435886461627373,0.222300960812472,0.22918633213524903,0.23474701672380216,0.40404211317762334,0.39288589784948397,0.35048038198597015,0.23523092276509341,0.23320268753083812,0.23347999751703072,0.39379080495692,0.3427077168826648,0.35371400019072224,0.23116734869690966,0.22865145158611114,0.22762734595546458,0.3410116491273863
2024-08-19 16:00:00-04:00,0.01730321878040963,0.017453786653100822,9.65997314453125,0.2797585513823214,0.25767011909510956,0.2184098330695707,0.2230656730938208,0.2234299324287238,0.32870318288962047,0.3003832869358525,0.2845394780293144,0.23155671887862708,0.2386572180305325,0.2378717619958287,0.31464160155291976,0.37901369491493003,0.33201088327907896,0.22384778854024792,0.22956644876548887,0.2346261301721474,0.404608137075157,0.3782197320787195,0.34923760248510655,0.2268332791347384,0.2304135710210027,0.23328927200643884,0.39189575925568876,0.3430794511258107,0.35309830007857246,0.23095571473597584,0.2284859134522416,0.2274995971303629,0.34035264591916925
2024-08-20 16:00:00-04:00,-0.0015461497894528398,-0.0015449551156613284,-0.8699951171875,0.1994671173675201,0.2414402401626531,0.2037498126726429,0.20477501717702618,0.20526244459810375,0.23036935739602182,0.2997276495885927,0.2725890834047685,0.23202616836755677,0.23959490660006058,0.2389308236868203,0.3120136658293184,0.3790964757821121,0.32693297363278695,0.22390225392178942,0.2296284013266856,0.23440143249176776,0.4044554421828452,0.3780129627185906,0.34651707646381735,0.22543476419272268,0.2291116421160571,0.2321862242418846,0.38900540622701457,0.34300624263704843,0.35171447551396,0.23102115871425946,0.22860427908559752,0.22762429343916693,0.3401378252409036
2024-08-21 16:00:00-04:00,0.006276354946711828,0.006296092534181952,3.53997802734375,0.19985133769539376,0.22042642422845923,0.2006656161685225,0.19959879015872142,0.2008905546114667,0.22565216084790193,0.2940258324158188,0.26020333121103556,0.22919251265042026,0.23890208339750468,0.23958714488693636,0.3113850349629726,0.37880283139751647,0.32201366062848524,0.22317838336239265,0.22851341825819416,0.23338688528105875,0.40355759486102666,0.3779900907374948,0.34393266630998365,0.22484566699193417,0.22824540496064052,0.2310854516311428,0.3884003694766467,0.34223942356597187,0.35040927404111094,0.23073644939230117,0.22849971472730124,0.22762175031601514,0.3400389051075409
2024-08-22 16:00:00-04:00,-0.0148680671823781,-0.014758083229134078,-8.3499755859375,0.2259768455390904,0.2387858728645895,0.19292997005434073,0.18654662826573112,0.1784604234133026,0.20235366195001925,0.2807956253110261,0.2630804578390413,0.23039088516640824,0.24308694534882958,0.24487705426521444,0.3136872688368706,0.38037914157777175,0.320421977469696,0.22529440672239376,0.23039239732000785,0.23489253577787228,0.4044970725435704,0.3785945643683605,0.34269216134857144,0.2238128957984777,0.2278643626004418,0.23105593048776527,0.38624176687496026,0.3425698159832154,0.3497145532974,0.2310075022393724,0.22895303554917956,0.22812812223253345,0.33986592549099137
2024-08-23 16:00:00-04:00,0.0015415518479110451,0.0015427406497490193,0.8599853515625,0.1866339787442374,0.2180455462645783,0.19607014577274187,0.1950520819693084,0.19075260977435238,0.21379178247638456,0.28080745927888995,0.2508533597177613,0.22920182817768858,0.24069458723002324,0.2431340134610011,0.31440313033755346,0.38031465204537174,0.31537565358092795,0.22500945518627935,0.2298278117310216,0.23456417926817982,0.4048554623980803,0.3763668208308442,0.3399854405672067,0.2235081288753429,0.22773306859090575,0.23114716835591237,0.38640986311659725,0.3419163649841447,0.34833190308002016,0.23077768287292075,0.22868862077992622,0.2279562189328857,0.3399943690150582
2024-08-26 16:00:00-04:00,0.002039857307959808,0.0020419392322470475,1.1400146484375,0.1835391225144781,0.19905195007474008,0.1915017678837733,0.19281851613546575,0.1896684017439863,0.21317169291561594,0.2740309147584316,0.23917941856599217,0.2251908466356379,0.23647274676235194,0.23925468066704983,0.3119006786118417,0.37840700381334974,0.3104121897822199,0.2234493336231961,0.2279975316703417,0.23274212629830698,0.4040080920486708,0.37595137435031767,0.3373051587120404,0.22264682655111256,0.2265376388396152,0.22927023916591943,0.3855193518460128,0.3400838187185046,0.34695798617087603,0.22851509859042707,0.227641880324411,0.22752986753071738,0.3389135878931383
2024-08-27 16:00:00-04:00,0.014868192228047798,0.01497927364193119,8.3800048828125,0.17451591285202644,0.19793270902687987,0.1956471133231165,0.18749165760424813,0.17995612488453028,0.21357725360850952,0.273972321722252,0.23575046781431214,0.22942694327878313,0.23848642047604635,0.24021361884440226,0.31468242851165673,0.37913679118546706,0.3077705700133999,0.22462096259577763,0.22809486469510828,0.23224568191699357,0.40444679354086854,0.3759754704482352,0.33577925463906944,0.2222544163658521,0.22600951753634377,0.22865596811956726,0.38527790361901876,0.3395438287155785,0.346163848744379,0.22852539316287362,0.22749343856388413,0.2273089734732716,0.33891511273077823
2024-08-28 16:00:00-04:00,-0.012903914368090403,-0.01282101582010331,-7.280029296875,0.19611898868806868,0.20995184110822074,0.1979061704264469,0.18793614441254677,0.17974849512962132,0.21583814592536335,0.2791728388228083,0.23713190488183813,0.22835686591603951,0.23557343715886794,0.23539932807697458,0.3100620535395406,0.38032620906581843,0.3057341732648705,0.22459600547828787,0.22778185258473815,0.23142022926641007,0.4031044025109064,0.3764283788001168,0.33429027860621957,0.22268663725544927,0.2262828299433504,0.2287809885100189,0.3853990905460185,0.3396819223288869,0.3453298030389152,0.22862198126746347,0.22752502395050808,0.22730514841462135,0.3389399259972942
2024-08-29 16:00:00-04:00,0.016086470202468124,0.016216554058210875,9.09002685546875,0.20352913406833478,0.212071214451722,0.19928760976743903,0.1902768713846158,0.1894759615726295,0.22876409157070648,0.2728159196220874,0.2357856901376185,0.22772508089500845,0.23521244826926413,0.23812748835433284,0.3095838351969559,0.3525247633232246,0.30365201934266844,0.21829848301746493,0.2251339604777503,0.2315199793895564,0.39778116132763847,0.37650083758871417,0.33300837205589495,0.2229274105759117,0.22673537886970502,0.22977326778089427,0.38611849168653484,0.3394815885818228,0.3446484752176069,0.22823922688024387,0.22746769726148472,0.22764419708870462,0.3391857876267638
2024-08-30 16:00:00-04:00,0.008356344478031597,0.008391356179880516,4.77996826171875,0.17166919586197177,0.19556333183678265,0.19242585933474868,0.18629120154443857,0.1870866010999069,0.22207836106343498,0.2707016374659719,0.22616213037387062,0.21409959224458894,0.21704402943531828,0.21916413219744058,0.29745487875960086,0.35239434140591863,0.29940264755467066,0.21537193298186624,0.22129369624482167,0.2254938102213393,0.3947734880437568,0.3757427902856862,0.3306835307114489,0.2224426436520354,0.226562811264562,0.22977752935732557,0.3860406785346879,0.33947004616724546,0.34344958367139294,0.22810492938717153,0.22734805531738922,0.22752535703106955,0.33912868783927685
2024-09-03 16:00:00-04:00,-0.005884159036550686,-0.005866881277737712,-3.3699951171875,0.17610629333794892,0.19008789964836034,0.213446654449211,0.21406448313818757,0.2162229670055156,0.24378766619760558,0.2307479823211428,0.22011394652506452,0.2154754938714218,0.22148657346355863,0.22430093069656346,0.29167784604505065,0.3512817440388356,0.2955338469025375,0.21636350838291918,0.22363059193338342,0.22854961050017683,0.39599281488686117,0.375761864209364,0.32837741456661224,0.22363579867736502,0.22816845574884298,0.231588645945794,0.38696812327843166,0.3385859916829421,0.3422202990623285,0.22844174525633942,0.22816679482659463,0.22854310466813332,0.339628274732064
2024-09-04 16:00:00-04:00,0.007345507651939513,0.007372552071047256,4.21002197265625,0.16133108717224576,0.175719699269057,0.2127560806793737,0.2208978410805392,0.22519152573550116,0.24735022081373703,0.18895520091952106,0.2109906789515366,0.21084595753946697,0.21496805122605278,0.21753297682670314,0.24129279835117975,0.34966649811692535,0.291275347887292,0.21688941696966876,0.22444159099243885,0.22937090852857261,0.39644440934570635,0.3711913682874558,0.32601192964813225,0.22119787397975657,0.22639848531993628,0.2301774559974624,0.3857056917462964,0.33859539157087176,0.34099032481054214,0.22852971272622333,0.2281903462214037,0.22853766411133403,0.3395341730139007
2024-09-05 16:00:00-04:00,-0.01280657012188777,-0.01272491494866368,-7.32000732421875,0.17581114239738432,0.19007798233959025,0.21535491631749104,0.22418693207722987,0.22889565818642038,0.2545147584377587,0.19896975177749004,0.21452261133080244,0.21059738588992932,0.2143755479897784,0.2172077933064476,0.24284660458460566,0.35031473939817004,0.28966210674836296,0.21641229524761763,0.22445323928671507,0.22959528554648684,0.39701600643661933,0.3716288502056754,0.32463795590542727,0.2209355497999706,0.2261395952769531,0.22996298206796723,0.38570572005893977,0.33882793127233757,0.3401829366313699,0.22844750226012248,0.2281870721541033,0.2285935003658875,0.33949575617520666
2024-09-06 16:00:00-04:00,-0.007990601796005742,-0.007958761800823555,-4.52001953125,0.17809162749915128,0.18205356450712967,0.22462772970179878,0.23397632801407536,0.23758226442259892,0.2626636105941826,0.20289786894547,0.20947490546211683,0.20563899810518044,0.2078895775762337,0.20684645940595764,0.23164099397977736,0.35104798373611845,0.2863476451602844,0.21697370304335845,0.22460724455103687,0.2280956201003223,0.39643891018109323,0.37033287654663355,0.32257024228926595,0.2206097078502355,0.22560380356218174,0.2291992518406097,0.3850088501035402,0.3388823113071973,0.3390580743388104,0.22885579170212036,0.22861217415856025,0.2289866863348007,0.3397039063788376
2024-09-09 16:00:00-04:00,0.01141826391959053,0.011483701117625644,6.47003173828125,0.16839290448622923,0.18213253320449338,0.2147624216628726,0.2262757245278261,0.23099073692728256,0.2576289947161487,0.17902358504518404,0.20580931717716866,0.20390893227748538,0.20911925824459918,0.2092209920372313,0.2295676698964271,0.35052070303436156,0.28324266618930344,0.2162193562451343,0.2244073521729112,0.22791353372260775,0.39626604615126165,0.37050082535904716,0.32069974975934196,0.2206045066434312,0.22558099882628335,0.22891042986974128,0.38488975120227553,0.3390634970795563,0.33805527877297376,0.22881100683460445,0.22865105338419361,0.22905293727385387,0.3394929563932359
2024-09-10 16:00:00-04:00,0.008039428886751802,0.008071831870787305,4.5999755859375,0.1707957744093135,0.1712757223081683,0.20928330807326403,0.22198029631263988,0.22884686270554688,0.2523583295709241,0.17753209157532257,0.19841445545816222,0.2043808259448254,0.21224541978065065,0.2147349595501367,0.23536457576041617,0.34929877652184105,0.27935505526014937,0.21553820936011253,0.22405886225113383,0.22826738853114653,0.3926038113842678,0.37001518764115454,0.3184650869927377,0.2204532828772029,0.22570071903951763,0.22938376841749314,0.3853765688312897,0.3391571206313102,0.33687329485240647,0.22871505066455708,0.22869807424469601,0.2292821295004712,0.33946350738303266
2024-09-11 16:00:00-04:00,0.010217820031716713,0.010270200206538682,5.9000244140625,0.17456697870198,0.16349409582436222,0.23505147174285548,0.2534892439023427,0.27007505173762686,0.28424760251157277,0.17215267121632327,0.1927400968147709,0.21408290286154016,0.22437609781301812,0.23275230553051132,0.24998436547745945,0.34952288354144184,0.2759487679904446,0.21959964316252423,0.2294431535097709,0.235697630214481,0.3960182773086076,0.36736211556672493,0.3164563015008981,0.2213803412762354,0.22725117941763312,0.2319087544068295,0.38613878571522076,0.33923056087475845,0.3358012864417733,0.22968405269668368,0.22991978017250952,0.23095466834080874,0.340462152505123
2024-09-12 16:00:00-04:00,0.010574825304509983,0.010630936383485556,6.16998291015625,0.16852747807036125,0.15505758451492854,0.23360403614106723,0.26020016066188206,0.28180066279927424,0.28543903005653914,0.17307695374049634,0.18710891522562667,0.2171744508453546,0.2283409983740896,0.2385441466237527,0.2545810448803219,0.34923186090225955,0.27263103400651395,0.21955540687560038,0.23072271105877723,0.23799387712466993,0.3961164011525024,0.3673999860470385,0.31449120183943663,0.22174338723821038,0.22776703418344238,0.23252496638440615,0.3864600249562268,0.33695487887287884,0.3347503701958372,0.2292816304761864,0.22980102679168898,0.23112893117029265,0.3400771435828575
2024-09-13 16:00:00-04:00,-0.08850192469479244,-0.0846986509414378,-49.67999267578125,0.46875914137375846,0.5967498591110914,0.23727992911339624,0.26677738272458285,0.28877038446677344,0.5585864930585469,0.36434862708126226,0.4667625652628822,0.22044244734678156,0.2323429312959477,0.24259308129258597,0.42752166626382565,0.39496540065496694,0.36875722609053774,0.2204731130636965,0.23172920343706727,0.23900298674373793,0.44388821758681596,0.3881535573957247,0.3594666737102005,0.2222377029068625,0.2286168628574185,0.23346268460325234,0.4104949166749791,0.3478395842317799,0.35643992138837954,0.2293351952222048,0.22985339827067292,0.23113382018576423,0.352531368438178
2024-09-16 16:00:00-04:00,-0.029046696004531268,-0.02862889574194316,-15.3699951171875,0.4699861455469803,0.5565949352645612,0.24701004990396144,0.26439094507115984,0.2777605523771691,0.5504137988454865,0.3639874039098584,0.4594299917741435,0.22502997236713368,0.23209802307693883,0.2402280801750889,0.4257051607514521,0.29391884432713383,0.3715534158820646,0.2217669052844733,0.23072326355253533,0.2372409100342669,0.3350420166588871,0.3298475767484552,0.3612680128183183,0.22161393836887436,0.22659843152193862,0.23099692602522465,0.36342085774056127,0.34903257921736636,0.3574177199642266,0.22978575274585986,0.22972236797641082,0.23073148983088926,0.35246945661177614
2024-09-17 16:00:00-04:00,-0.012484066162692615,-0.012406463476749785,-6.469970703125,0.4622016843767008,0.5081563279704747,0.2538122031373375,0.26822859600947824,0.27996857987885443,0.5524679253161127,0.3654271872612416,0.43883567148982144,0.2290190231944013,0.23436529098197065,0.24134752423455566,0.42791300960987294,0.29390137317532644,0.3670046672918508,0.21844950406681296,0.2257827400013309,0.22961341993824802,0.33079548192702385,0.32483567721612827,0.3592120803238214,0.21995528915761742,0.22606026242142535,0.23097603065671718,0.3629531092940933,0.3465964354027091,0.3564371295850821,0.22968746249886893,0.229349788984892,0.23031276762611866,0.3503998833297776
2024-09-18 16:00:00-04:00,-0.01348787831669545,-0.013397324469570204,-6.9000244140625,0.4619614055374576,0.46388115317498835,0.24176050014698036,0.24850495678711756,0.25775416300939946,0.5437803862134949,0.3589274476242584,0.4193874062199954,0.22816259703386968,0.23524485279545299,0.2428215168564221,0.428464558683703,0.2947667911832172,0.362704125030456,0.2163829122538627,0.22269956091925594,0.22583862279280434,0.328407262876015,0.32476193422062744,0.35728890357686105,0.21956913028993497,0.22584787540109144,0.23086426803315932,0.36259404461536465,0.3467873009777637,0.3555270295176072,0.22966374467527606,0.22926645622106995,0.23021886832567406,0.35026952480374424
2024-09-19 16:00:00-04:00,0.03540003964226116,0.03603408061450031,18.30999755859375,0.5067827791514018,0.5209557991272261,0.23837929043239175,0.24231919516895517,0.2513271177179601,0.5574431179370019,0.3851302834336217,0.44828704363254174,0.22907620622190938,0.23452892557602426,0.24153198097098477,0.43566907604045296,0.30334680301902156,0.3719476757161584,0.2154954558186727,0.22104107810720686,0.22393022922180436,0.3294423839239395,0.32859178690542834,0.36166997438969317,0.21931604030153776,0.22525003550318498,0.22990509844878734,0.36320642083050914,0.34817508146787074,0.3576505278103705,0.2294637199314497,0.22912211789270545,0.2301090355942885,0.3507880027633151
2024-09-20 16:00:00-04:00,-0.007895257533132853,-0.007864171850995083,-4.1400146484375,0.5061685703371421,0.47582702812781846,0.24259983147760736,0.247382755473386,0.25709902318384675,0.5598394883612423,0.3838942069341211,0.42781388502218115,0.23256789216059712,0.23904955099955355,0.24629981300613765,0.4378963346916141,0.30107062647290894,0.3666032721834208,0.21628025986006194,0.2220047528229854,0.22491474700167738,0.3288050162955486,0.32805668355077366,0.359132939361924,0.21917710378096156,0.22521697265311047,0.2300016713114601,0.36318216864004227,0.34809238427155403,0.3564115831254232,0.22948409434462502,0.22919929514396134,0.2300945390703077,0.35076805356567026
2024-09-23 16:00:00-04:00,0.010607919949273067,0.010664383408767408,5.57000732421875,0.5135933720608827,0.44610679395374797,0.23295332129408997,0.23713585550834881,0.248337081022073,0.5568058393658347,0.3847894996582816,0.41385807408668024,0.2263092480171995,0.23333514316121126,0.24167566095780024,0.4359806226154761,0.2997954727227038,0.3623108555351762,0.21540193451197812,0.22154657860467258,0.22480469245604456,0.3287999279855884,0.32668099643161885,0.3569570533436246,0.2180245313991007,0.224250347549577,0.22931190143508448,0.3626810027162838,0.3457344925288889,0.3553128501534853,0.2291400852636896,0.22880665347369034,0.2296133549209104,0.3491555162547882
2024-09-24 16:00:00-04:00,-0.0072247548589428915,-0.007198719056053071,-3.79998779296875,0.5054167639976094,0.40806264543161774,0.2320700890221633,0.23530604003881364,0.24627719472697288,0.5532013653639306,0.38480023850456935,0.3950948347211838,0.22282805367784023,0.22979369042316486,0.2376639060748019,0.4302095325290883,0.29997123604798087,0.3570560384321353,0.21562483843549216,0.2216849637161139,0.2248720522153231,0.32878194205817995,0.3261662460827704,0.3544109903695751,0.21719675103253425,0.2237984060868497,0.22896945671161245,0.36219850848684015,0.34580646512739316,0.35405643207436616,0.2290906910078442,0.22869751261423404,0.2294891283657597,0.34909134561820265
2024-09-25 16:00:00-04:00,-0.011843056590557654,-0.011773203625330075,-6.16998291015625,0.49881077246825345,0.37588447265106933,0.23237187649187607,0.2314283106563732,0.23864885419778176,0.5459359918788644,0.38550789699809845,0.37878383958492473,0.22549029574630378,0.23157754984839837,0.23895646772310103,0.4312317643019319,0.30080085703492243,0.3527316190378046,0.21658038395156723,0.222132437835993,0.22510098478261303,0.3291531624408895,0.32661402156952013,0.3523556677408804,0.21725647990768565,0.22346219056849775,0.228535440972751,0.36206277716384555,0.34600247708975324,0.3530520303979104,0.22922782400710928,0.2286836750573333,0.22941386134701758,0.3491025825652206
2024-09-26 16:00:00-04:00,-0.004877718442599495,-0.004865841692324846,-2.52001953125,0.4889657371236213,0.3431365915009689,0.21087448911346549,0.20230366903282837,0.19716126356732894,0.5325869874816562,0.37956371090476837,0.36117249014688557,0.22152653334890568,0.23101715869361095,0.23994228244202295,0.42999795727163626,0.29287103124462244,0.34731769162332143,0.21431882614437128,0.22093742158787305,0.2245374075974998,0.32801882163315343,0.3265625375488016,0.3496794543245347,0.21589162612438592,0.22227038761370904,0.22750829939036352,0.36085533195915276,0.34587868007383304,0.3517197553821464,0.22927688477840855,0.2287172169825221,0.2293826443046722,0.34911235590961864
2024-09-27 16:00:00-04:00,0.00019396540300633532,0.00019398421551142242,0.0999755859375,0.4799729552088071,0.31492904012216405,0.19928559372324942,0.18701938518880834,0.17798488453359143,0.526114877799621,0.37867021858542727,0.34498007050624657,0.21783419157480624,0.22794638665444836,0.23785045136341038,0.42889178296909153,0.2908712621605749,0.3418777389915132,0.21335510348747488,0.22001876864866063,0.22387574427933782,0.32735850826461727,0.3265623811636666,0.34691822211588763,0.21551121310758478,0.22183510761648545,0.2270762463960459,0.36050753581303124,0.34579877753015786,0.3503270138898597,0.22898901011406547,0.22839356747271516,0.22909927984194292,0.34893388518941726
2024-09-30 16:00:00-04:00,0.004452030670711983,0.00446195568261154,2.300048828125,0.2621193077246254,0.29243791896090354,0.18894021268663402,0.17164414942999243,0.16119622813880144,0.19480359646463818,0.3730001475556184,0.33118733789792815,0.2156169114571551,0.22461275468734343,0.23163943536977574,0.4237486512063545,0.2905002391466201,0.3368851603341761,0.21248625019048034,0.21949551496332317,0.2235784236400946,0.32673469852168635,0.32653475593387354,0.3443177197358176,0.21541396893919232,0.22165973872902886,0.2269021030778205,0.36048905555784866,0.34580292672812857,0.34899792731377965,0.22884765226915002,0.2282205838832224,0.2288970360405953,0.34878900936975554
2024-10-01 16:00:00-04:00,-0.029358045763471792,-0.028931284824268988,-14.98004150390625,0.26289333384100855,0.3139098879728139,0.19069797705412544,0.17626543080377444,0.1669088003724465,0.1992247178465293,0.37938967310797866,0.33887693153541454,0.22425817774170406,0.22795940868830486,0.23231022006032157,0.42468302344976744,0.2942465928248315,0.3407227361082511,0.2149226221089659,0.22053620308686578,0.22389751888102882,0.3273900436797727,0.3291050622987176,0.34637762747564,0.2165560778379345,0.22192818237086717,0.22678915653830295,0.3599192603647778,0.3469007257819111,0.35005990660226627,0.22915094239069894,0.22800959149386266,0.2281950470346863,0.34854646616662294
2024-10-02 16:00:00-04:00,0.00596864743605494,0.005986495303703876,3.010009765625,0.2615157873492482,0.29794425098875554,0.18259329988337952,0.17191525277404643,0.16550814986953113,0.197970141279792,0.3817835816458072,0.32748928889461726,0.21459077335792756,0.21541904292010924,0.21933530700465745,0.41863556158511783,0.2944099702925251,0.3361042961136689,0.21499522078568684,0.2209560854305287,0.22456836617401782,0.327503498026136,0.3291481862703808,0.3439101696002624,0.21679235770046096,0.2222229437855718,0.22715868399171574,0.36005916297579094,0.3462609460450118,0.3487844072512691,0.22872206254909386,0.22793147719306087,0.22830979549829483,0.34846674385246496
2024-10-03 16:00:00-04:00,-0.003981760185447525,-0.003973843489307738,-2.010009765625,0.25452966226555734,0.272056195613319,0.1831829567276028,0.17955261106828363,0.17688443334916293,0.2150970453730301,0.37888370429769935,0.31225527620558713,0.21430073304472597,0.21602679281836765,0.2208806771709466,0.41985178669408024,0.2925944769279006,0.3308653786877345,0.2152827018395811,0.22181999436607397,0.225772658023968,0.3285868158935378,0.327934651733872,0.34124990925827065,0.21555765290029502,0.22242208763066348,0.22799650024434961,0.3600474572283895,0.3451964324483605,0.34744337922440593,0.2283494491882534,0.2277428862497951,0.22827126466399242,0.3484307447640536
2024-10-04 16:00:00-04:00,0.006765497240304211,0.006788434915841579,3.420013427734375,0.17708163313985742,0.25854623030092666,0.17789563283916265,0.17742221678606168,0.17700726953800455,0.19172405788211966,0.3807205646617279,0.3022458346939771,0.21156495699676875,0.21252312400957898,0.2174980587682269,0.41891315332097073,0.2930769724819954,0.32654593076638105,0.21390569580545343,0.2200179038585035,0.22324609980985777,0.3269100377210946,0.32800310079238365,0.3388892389958632,0.21516810198637765,0.22200010797806352,0.2275982589248975,0.35988933977703236,0.34454215694328966,0.34620861781913903,0.22814173182787745,0.22758882140590753,0.22817955456098635,0.34828200508320384
2024-10-07 16:00:00-04:00,-0.04006491212977957,-0.0392729257123019,-19.920013427734375,0.24977026638365885,0.3300219403375626,0.19512261712156515,0.1758908604746611,0.16485241524533994,0.19261512409410428,0.39924997284108693,0.3354224746542013,0.2181755213146948,0.21136268135916825,0.2129136205923494,0.4181423401513868,0.3014961198093328,0.3387554187908712,0.21692634524020724,0.2206835127917105,0.22286924835192826,0.3276320683531243,0.33293721885144745,0.34515126507376287,0.21680458879912332,0.22224257948626647,0.22704443665151078,0.3601735815744407,0.346835192548487,0.3493799705464002,0.2287080921233244,0.22745427284835007,0.2276906145960941,0.34828629758848784
2024-10-08 16:00:00-04:00,0.018179736186504973,0.018345993567322694,8.94000244140625,0.2648644355287144,0.34551602447450325,0.20709938960980293,0.19298817064104765,0.18214013900711612,0.21015123104776562,0.4038220280992758,0.3403137852201718,0.22253659347034344,0.2171056474424993,0.21871388503963346,0.42183989554875956,0.3042851043924636,0.3385104046826945,0.218649368002802,0.2228249030447832,0.22479195619610712,0.3294862410493346,0.3330693501247506,0.3446082750739894,0.2173712460908753,0.22321712510841135,0.22807407893163514,0.36090317389405224,0.3467546082465325,0.3489911699095965,0.22792363146279157,0.2268811548796541,0.22729405006768244,0.34802367324585953
2024-10-09 16:00:00-04:00,-0.004362240766515109,-0.0043527400141395445,-2.160003662109375,0.26478100059645426,0.3154134790254092,0.2027694140546675,0.1873323469027271,0.17680323495979677,0.20630367257643684,0.40043249445177553,0.3244766449805576,0.21965063453029354,0.21301773478813618,0.21313311822920977,0.4164200730435197,0.3036067623720155,0.3332351731707918,0.2163140370403522,0.22004927411137343,0.22130762638482404,0.3273821532294658,0.3327651835558105,0.3419475579867641,0.21652833108122865,0.22208985051768781,0.22680357649137164,0.3600612910277529,0.3467399175366903,0.3476545847381582,0.22760026813226097,0.22658343047532964,0.2270292548098159,0.34771271974788354
2024-10-10 16:00:00-04:00,0.019025323633079225,0.019207458326315097,9.490020751953125,0.28608983920141123,0.3228499875648458,0.21876491720920618,0.20124708380534717,0.18850081787643644,0.22399713195261858,0.4063721813277876,0.32824286910799044,0.21673565025873598,0.2029392244344599,0.19366347041782242,0.4098751097390717,0.3063687066196481,0.3332868339940011,0.21911986055943083,0.2216554019095113,0.22229650672031612,0.328779747325342,0.3337173205514362,0.34158515826322305,0.2179223904989362,0.22285327891085568,0.22715139419254599,0.36073301300634525,0.3472122522543727,0.34735695917936094,0.22841241555677574,0.22713971285150475,0.22737286835862588,0.3481212213753859
2024-10-11 16:00:00-04:00,-0.016316829091057354,-0.016184430720547427,-8.149993896484375,0.2935755962432158,0.3104585477972734,0.22546176924045874,0.20589433822163636,0.19190892779391058,0.22684630624504656,0.40257792593181374,0.3197606046879501,0.21706241203563784,0.20027592677580613,0.18779547260062285,0.4076214965907573,0.3065011428057071,0.330596501733132,0.22069260877589997,0.2229240854055362,0.22333730535614468,0.32951865153710624,0.33314513567079124,0.3402848277944387,0.21828389950092933,0.222850494093262,0.2268508481710603,0.36009938154973425,0.3460928357578191,0.3467212187675058,0.2283301368780447,0.22709502702260298,0.22737486507853352,0.3479371606356617
2024-10-14 16:00:00-04:00,0.02831828887739451,0.028723063427121165,14.22998046875,0.33116756528705044,0.3443689450227348,0.2374717207537643,0.21909730792931265,0.20462652814714433,0.24665324444727796,0.29826970508144945,0.33939676170746724,0.21794363871408928,0.19956126896133605,0.18661777505939062,0.2253528609051436,0.3124209192800307,0.3361843793735198,0.22246566987034727,0.22456690063603085,0.2249037434104933,0.3316221057696274,0.335238634725513,0.34257773325740243,0.21875245008393002,0.22343912024462764,0.22749999505284788,0.36078286898985895,0.3468222396232538,0.347704648908648,0.22769427105862625,0.22609937351593723,0.22578626238419933,0.3472433881471409
2024-10-15 16:00:00-04:00,-0.00318370508843494,-0.0031786424734393526,-1.6199951171875,0.3299945443079581,0.31603405809972934,0.24242840216035488,0.22513037432345934,0.21118200508975807,0.2527120852188476,0.28226809478568293,0.3238151442700507,0.21287565365030015,0.2009573433313137,0.1913248859142933,0.22711760171256545,0.31230716434099676,0.3309413972472247,0.22319929776561725,0.22514114897538146,0.2250319530921678,0.3319827957393424,0.3348217515008552,0.3399094561726782,0.21870006000178907,0.2234448264006121,0.22757358611989917,0.3609072926001856,0.34629575123439776,0.34635404797235536,0.22740702764133702,0.225940033076722,0.22572419092353035,0.3472411535793445
2024-10-16 16:00:00-04:00,-0.010865242791414039,-0.010806429241514204,-5.489990234375,0.30162704350714564,0.29801198839558607,0.22707259647768474,0.217883966842251,0.2085040193201089,0.2471988901181762,0.2815107106363917,0.31224218300956336,0.20870130874064247,0.19785403571062965,0.18889850249221293,0.22548808231680234,0.3122731984786854,0.3268504691454679,0.22306192572775324,0.2253393186234434,0.22539707314399468,0.3321872826141225,0.33515609602432567,0.33783689474497935,0.218479145055762,0.22310671877455307,0.2272246644712849,0.3607854606259571,0.34643401118110007,0.3453112152825171,0.22728749539479182,0.22574011920700804,0.22550271041114997,0.34705656324860307
2024-10-17 16:00:00-04:00,-0.011427367515986166,-0.01136232314953256,-5.71002197265625,0.30436386685425887,0.2798760431091275,0.2340124519191998,0.2207825898500589,0.2081903574245318,0.2505208908617485,0.28046314344912965,0.3010914784036442,0.21004350690574256,0.19897418687206486,0.1897659830786624,0.22705308615180156,0.3123787053362145,0.32289905775202543,0.22345391734936987,0.22500972980905157,0.2247638705673626,0.3323429719602365,0.33554918996677224,0.33583361763882436,0.21922199238435106,0.22357007651278976,0.22752302477614544,0.3611471745210583,0.34617811123693637,0.34430360214325756,0.22696879097928066,0.2255805157797356,0.22542162365547658,0.34686575777944983
2024-10-18 16:00:00-04:00,-0.003892178617675872,-0.0038846139080627173,-1.92999267578125,0.3043467141435375,0.25561673560468273,0.229784666313968,0.2140637431511049,0.20122374514940933,0.24790708846961237,0.2471313060744758,0.2871353132460338,0.20932547706056853,0.19978210882681077,0.19212299819254208,0.2228966364128515,0.3119234841877194,0.31786885275728544,0.22370308179294712,0.22533118382196463,0.22534187565705835,0.33245048711066894,0.3346487139359682,0.33323059527490045,0.2182878492624408,0.2232448331669215,0.22757204582991503,0.3613271864731377,0.3461773152730947,0.34297648272481923,0.22668327446631398,0.2251680614480907,0.2247162898674538,0.3465144383680433
2024-10-21 16:00:00-04:00,0.0056618512943242974,0.005677909867142672,2.80999755859375,0.3036253863962712,0.23919854290565026,0.23234430135796752,0.21706121621974928,0.2037288388362796,0.24892845866987676,0.24816767043992685,0.2766118031951752,0.20544672686334287,0.19439508441116665,0.18553325584242236,0.21843599096155905,0.3109251484324991,0.3135577329851107,0.22272957437057758,0.22509875027639265,0.22545375498124023,0.3322642517718259,0.33469178035919134,0.3308586649213216,0.21803921983632038,0.22292719100212996,0.22716636071101298,0.36084891022801546,0.34621513736196463,0.3417237956260781,0.22640286948259802,0.22479296825739067,0.22427197885041086,0.34625222434498293
2024-10-22 16:00:00-04:00,-0.009285317739022164,-0.009242342292681949,-4.600006103515625,0.2332572744111068,0.22376965227899318,0.21272056637854858,0.21121179383201355,0.2062335242759647,0.24156700717023097,0.2446773805897932,0.2659166570945963,0.2070682431979519,0.1964330652077007,0.18790156674383365,0.21944745452138723,0.3067292125508027,0.3093607799273728,0.22148972364947045,0.22518325954651613,0.22633227460954183,0.3323019294376463,0.3345145202143896,0.3286673500328162,0.21822552974926523,0.2231806333601078,0.22755070303617103,0.3610201189250448,0.34530608147342995,0.34060451704234435,0.22559354112646635,0.2242499357276875,0.22388167639221968,0.34591082452175614
2024-10-23 16:00:00-04:00,-0.01652150100247127,-0.01638576952868842,-8.079986572265625,0.22822067450676176,0.22150770516770485,0.20673395078486026,0.19961933576323074,0.19268729122050174,0.22775575176219873,0.24867015709353682,0.26166982818742673,0.20904313136323344,0.1974962952310541,0.18845061558480214,0.22045148312693924,0.30817892516723133,0.30722082056131916,0.22051821566180116,0.22341576422305906,0.22443404024841299,0.33061603445128274,0.33513404708891026,0.3275195322108691,0.21863722921865564,0.22352062802578243,0.22782097016238156,0.36122903440414356,0.3456832354590568,0.3400154427233542,0.22516147922914295,0.2235344181743583,0.2231040110181898,0.3453692905653754
2024-10-24 16:00:00-04:00,-0.004463286003721631,-0.004453340345021095,-2.160003662109375,0.22824668078383592,0.20223708075570507,0.2116651026020631,0.20565178438271098,0.19837779929866475,0.23248028337073207,0.2469280971873031,0.24950434386207362,0.20839912709667982,0.1986834272969219,0.1902811803996005,0.22126997821982697,0.30536184848586917,0.30244253360470436,0.2198385673313396,0.22287711549758416,0.22401631138681255,0.330058348415338,0.3350107915356275,0.32499298421892736,0.21856723321622443,0.22351891890897646,0.22783025762687853,0.3601338380319686,0.3457049170836694,0.3387143777713288,0.22487180052116942,0.2231537437980171,0.222588746104249,0.3450110241899502
2024-10-25 16:00:00-04:00,0.0017587732665250047,0.0017603208153560423,0.850006103515625,0.2013812617830156,0.18921615087455326,0.1903729448319025,0.19106110405372642,0.18947531911935114,0.2152871996228222,0.2474752431440974,0.23940641430738233,0.20655600780542152,0.1971492286924025,0.18960208897317488,0.22013082145168647,0.30489709688642375,0.29790068464481384,0.21937495423767192,0.22294432693414448,0.22451713648391028,0.33014525236586645,0.33479950680749254,0.32248094475721084,0.21791068380011033,0.22283973626392586,0.22715154439674504,0.3596698282180005,0.34399218727974856,0.33738862723902563,0.22416496240899475,0.22264709824026122,0.22225943104418028,0.34452747773598713
2024-10-28 16:00:00-04:00,-0.005555784945902337,-0.005540380114566479,-2.67999267578125,0.19063217929291318,0.1730690670481101,0.1813221274367087,0.18246249000269882,0.18111320893037028,0.21046796141454166,0.24733616408221623,0.22847414359756177,0.20864991543724004,0.1980618941020957,0.18935568178480286,0.2218490914506353,0.3047839091773729,0.2933546957867622,0.21842876828385924,0.2211205654380828,0.2219919331094849,0.3286101781600329,0.3346209825184265,0.32004561876565124,0.21754169396381529,0.22220551240813907,0.22646664843519307,0.3594559182232818,0.3437872358240744,0.33612688885354125,0.2232791757016733,0.22203723893776287,0.22182197719238184,0.34382798064440123
2024-10-29 16:00:00-04:00,0.00900227719851663,0.009042919562291196,4.350006103515625,0.12129591925791601,0.17768343619826704,0.17062749669971863,0.1724859102459589,0.17122949378826147,0.19266572294435444,0.2496231182031961,0.22574070967179202,0.20988168413407282,0.19994107806536865,0.19124137636024133,0.2227508446608229,0.3011699475341639,0.2904563918716711,0.21786822187575855,0.22041795154282093,0.2213103347191693,0.32670221959447293,0.33337270321574786,0.3181754379297618,0.21675427866482563,0.22171790118713874,0.22606670403908977,0.35909308902970205,0.343707262327102,0.3350672811202444,0.2229999192734992,0.22189442082298408,0.2217472045745534,0.343684668901025
2024-10-30 16:00:00-04:00,0.0026540861766330883,0.0026576113813920887,1.28997802734375,0.1259414057798671,0.16466359980708756,0.1696400546467204,0.17227535081852893,0.17465942240933752,0.1955015616159066,0.2311000036829118,0.21658333299073387,0.2033258291541841,0.1991366088954116,0.1949151805166985,0.22497291098621752,0.30092113166613704,0.28617365908104103,0.21406522252541335,0.21504184997763054,0.2160191988243875,0.3239238892369815,0.33281756155973513,0.3157507429985774,0.21515350378144174,0.21995360170052114,0.22416527387713173,0.3580726919261835,0.3417556914247411,0.33376980063539624,0.22231782475088074,0.22124690969083383,0.2213321450720762,0.34310263536336266
2024-10-31 16:00:00-04:00,-0.01782875345229238,-0.01767076155367009,-8.600006103515625,0.13933974214222733,0.18247734695856077,0.17331828317321174,0.17191262086821246,0.17232463896353237,0.1944572222503595,0.23599385106450405,0.21931221290581443,0.20451673781649068,0.1978528378363929,0.1920648077438415,0.22347122669701186,0.2938140022721374,0.2851627057940086,0.21158606169955563,0.21182336329841625,0.21237370739952097,0.31944292747794606,0.33311338861409834,0.3150090934185858,0.21510766621196112,0.21945680241144394,0.22326064189914815,0.35745752560095334,0.3420552338796982,0.3333456967742737,0.22229913477570995,0.22099128604725146,0.2207963397949734,0.34279447911521127
2024-11-01 16:00:00-04:00,0.009824409521946385,0.009872827462501732,4.720001220703125,0.14960289276122316,0.1871804737858385,0.16957050591781103,0.17018226781761814,0.17213288361812334,0.1913537825075667,0.2398525094395,0.2181544615446517,0.20396819779164793,0.19461277467351226,0.18746321423095635,0.21930841078247443,0.2877870436973503,0.28270772268698713,0.20974893540024875,0.20876858825778072,0.2091660634076711,0.30608900696445296,0.3321971875549732,0.31330590669136776,0.21514253354626792,0.21920000066129885,0.2228450255991993,0.3571220785261972,0.34139475534272956,0.3323506645443658,0.22230503567598192,0.22106232304541543,0.22090490179562408,0.34284520888680914
2024-11-04 16:00:00-05:00,-0.0030077950355794506,-0.003003276151852141,-1.449981689453125,0.1494708378967197,0.1710818671509233,0.16758255537861433,0.1682278282674809,0.1684744380451706,0.18442269488820484,0.23771798396810992,0.20803126260253227,0.2048190706572753,0.19557147789545748,0.18806139650745526,0.22065629616305657,0.28703982398489936,0.27827065243252835,0.20901502472121078,0.20766251208866304,0.20804784697863712,0.30545167212779933,0.33151565492502544,0.31085020105682726,0.21505512192260748,0.21912867167476816,0.22279316629086815,0.3571689926759662,0.34038542142693007,0.3310528595552226,0.22221744598692242,0.2211141423578217,0.2210104410597911,0.34278167158150347
2024-11-05 16:00:00-05:00,0.010477806928926463,0.010532891367884156,5.07000732421875,0.1576696240894262,0.1739537910188934,0.16570478667516547,0.16541794581704217,0.16622299082527964,0.18414520707858528,0.19826750423472,0.20719652266040142,0.1914373148576076,0.18951805388376244,0.1861727017003751,0.2144152205848725,0.28796368030641417,0.2760801190773125,0.2053746180053504,0.20314965935163098,0.20230170740830108,0.3009727870079491,0.3318392682947967,0.30926408091408936,0.21492914394355608,0.21887440729223234,0.2225630258993878,0.35706170821028077,0.34043545822323196,0.3301072442747272,0.22212508513705076,0.2209812993592301,0.22090042647276534,0.3427331475386545
2024-11-06 16:00:00-05:00,0.03714923650673811,0.03784789407573652,18.40997314453125,0.2395971330108771,0.27894524637934015,0.1747979123452133,0.1643717136687395,0.15905945575923466,0.19482285123385357,0.2288224969628704,0.2667048871195079,0.19082877977281607,0.1822889934720309,0.17658407642689786,0.21138174279153207,0.29059540516001314,0.2923690311289854,0.20616903363139485,0.203383876336715,0.20231256598451408,0.30117865390432175,0.3357643971986563,0.31603303883264433,0.21556484006670662,0.2187625361529385,0.22198608643859857,0.35732602196918867,0.3425012030912658,0.33304040231297494,0.2224571248935745,0.220947790939096,0.22062373792272175,0.3429389044997029
2024-11-07 16:00:00-05:00,-0.007775277837658454,-0.007745128555218139,-3.90997314453125,0.2256880698066632,0.2692999593097046,0.18571098088865304,0.17604470125886063,0.17405405613427047,0.21252766731270073,0.23009780654326253,0.25863533208705697,0.20056872836833914,0.19197992632259903,0.18710527479903588,0.22352417052678591,0.2898648131272435,0.28849784832760966,0.2083632549681293,0.20597812639773522,0.20538193104289812,0.3037441054596049,0.3355614899333023,0.3138735108201032,0.21657579924160056,0.21983091420396988,0.22323387969675618,0.3583480423669427,0.34079215183905437,0.33189471428378065,0.22222687624546503,0.22100781878851822,0.2208928625435804,0.3431210958049132
2024-11-08 16:00:00-05:00,-0.012535360434093699,-0.012457120068438576,-6.240020751953125,0.23544821971960442,0.26637460068486724,0.1903565928815467,0.17599275649749796,0.17178670075164257,0.21393464041692,0.22424816547637622,0.2550633666815787,0.19324141053281385,0.18570084333542117,0.1818037553000369,0.21605946198296277,0.29021801511805917,0.2858848570249607,0.2082851203962259,0.2049502096439881,0.20390502768465546,0.30329933025408584,0.33604905730859425,0.31230009316512936,0.21683311314318207,0.2196031987750259,0.2226923694047623,0.3582366362201352,0.34099942258143856,0.3310349452715516,0.22214347074842872,0.2206322126095488,0.22042268306073867,0.3429093657618909
2024-11-11 16:00:00-05:00,0.019617143506396855,0.01981082407949719,9.800018310546875,0.249695632318632,0.26857398699701474,0.20401194243486534,0.1850287028525672,0.17701997379630655,0.22189252422775688,0.22754080796660667,0.25970194114307915,0.19452500971632697,0.18599779208847664,0.18185621938603683,0.21759805610347543,0.2926163919486866,0.28717510032169036,0.20985773929326995,0.20562525545773191,0.2043217511239968,0.3040109951124125,0.33716359818180963,0.3124513137220984,0.21765177951265527,0.21996279514680175,0.22285877414154598,0.35842366790054897,0.3413741927786935,0.3309177506707391,0.22234114182685874,0.22073825524454793,0.22052126798732713,0.3430048260368039
2024-11-12 16:00:00-05:00,0.04257112317177353,0.0434902700722124,21.939971923828125,0.30441357120480506,0.3413094893362693,0.24117910839352008,0.20651698780511504,0.1889466400521683,0.23623898708701072,0.2531278448686716,0.31221655267233245,0.2108656215399988,0.1908503261489025,0.18061851973913515,0.2193694977453606,0.3047651454968159,0.3068773042442857,0.21645523986544715,0.20835209364902393,0.20518337061590075,0.30625134980584284,0.3416882671415448,0.32150053630012687,0.21968338877218813,0.2197057880265153,0.22109085277144114,0.358095227908143,0.3424348146939952,0.3350587569129539,0.2230332358333198,0.22081345536501995,0.22031249950349802,0.34307840854127375
2024-11-13 16:00:00-05:00,0.01148355683752658,0.011549745996024319,6.08001708984375,0.3048107262031694,0.3116113254846072,0.2583706836405055,0.2293541984828627,0.2138961151313159,0.2561492928441438,0.2547718155914011,0.2989551466145193,0.21961865519829757,0.2024400464761321,0.19281490524967607,0.2277792513994427,0.3009155057820896,0.3034538903347238,0.21923114597132626,0.21231683758969092,0.20935801088181402,0.3082109284825632,0.34098477133112093,0.31973481414562294,0.22067445705250655,0.220760656081101,0.22217992547029947,0.358636065927762,0.34246209508820735,0.3341117051569251,0.22382944946295183,0.22169099866739525,0.22116479690098753,0.34342544923553003
2024-11-14 16:00:00-05:00,-0.004951213358194295,-0.0049389763057511304,-2.6300048828125,0.3105561530768784,0.3008115199281526,0.25882880872360275,0.23164756852977114,0.2140031834658416,0.25510943108397055,0.25174441240188355,0.28971922343005396,0.22231504014003223,0.2071141934890354,0.19801253935554036,0.23136358663021397,0.3010372761571397,0.2991844783154711,0.2201741177094752,0.21367389343628354,0.21066579966064802,0.3089851233518341,0.3409796298999658,0.3173876791881449,0.2212400950181726,0.22156591296252495,0.22303165807501937,0.3591314801846763,0.34165423358377106,0.33286958746565815,0.22371762724069982,0.22155143571757777,0.22091070688981695,0.34278549052523505
2024-11-15 16:00:00-05:00,-0.051306207755915274,-0.05001226762073818,-26.5,0.40650194153503055,0.4600810081044508,0.29181283274521624,0.26747707688109157,0.2480425105242754,0.3008246335617744,0.31060781899975426,0.3820352830668163,0.240306444804501,0.2260267615501366,0.21543612255986305,0.25360039260097383,0.3153035860777742,0.32866775697753037,0.22651242268587987,0.2206195554531196,0.21709148631079833,0.31516073375979475,0.3488310562843801,0.3311455808942241,0.22518404702086722,0.225137449846905,0.2260289078726307,0.3621939544376481,0.3451088859149103,0.3394039078807559,0.2253080277581864,0.22305385488290833,0.2221804244487176,0.3441410119585078
2024-11-18 16:00:00-05:00,-0.007697839010831069,-0.007668286526819834,-3.8599853515625,0.4095605734412691,0.42162456791075936,0.2889616295362434,0.265135068232031,0.24591016728119053,0.29930112497802863,0.31158306545734266,0.366029554821254,0.24017252480558185,0.22515214690859547,0.21356169542950584,0.25010591639016405,0.3155249731166334,0.3241090015775636,0.2265508811688476,0.2203105362866107,0.2166852879338959,0.3150274682276999,0.3489993311932144,0.3288418372813036,0.22523046093906213,0.22501770496424145,0.22571724076949404,0.3620666096922032,0.34497132152260085,0.3382253896661889,0.22511750674681782,0.22278909438638514,0.2219230168491159,0.34400795140283963
2024-11-19 16:00:00-05:00,0.000200127285530712,0.00020014731233186644,0.0999755859375,0.4086431343810767,0.3853160659800728,0.289207872813626,0.26501915426469447,0.24604777142525894,0.2989791923202383,0.3110039698461438,0.34902099126725983,0.23976162749157395,0.2244069059537703,0.2129256065625196,0.2508073924699187,0.31512047213170746,0.31901534900173634,0.2264080534936063,0.22007013739264836,0.216351181215762,0.315144098742028,0.3488904470288574,0.32624584200424833,0.2247990185554875,0.22433150435913912,0.22503029999829904,0.3617155604523404,0.3449682160428017,0.3368864564116175,0.22512995637721822,0.22276177183965068,0.22188270531724524,0.34406983687977993
2024-11-20 16:00:00-05:00,-0.00022016665556210042,-0.0002201424206625946,-0.1099853515625,0.40716913177728326,0.35196619740336005,0.29468948446318954,0.27178207447417224,0.25372840500813054,0.31011710053871544,0.3091067614536586,0.33278371372569354,0.24173219516234976,0.22636514574538158,0.214716865477073,0.2557243963807491,0.31404439187578004,0.31399414393324665,0.22548287980628268,0.2192961599825556,0.21588380841282645,0.3155923258037716,0.34884402513379853,0.3236674796668803,0.2253886629648172,0.22491271921120914,0.2255884772090369,0.36233715641383835,0.3445328883569473,0.3355522484964792,0.2253683923448091,0.22310345786670718,0.22229791521865433,0.3444571144582058
2024-11-21 16:00:00-05:00,0.009841309838900253,0.009889894777590058,4.94000244140625,0.36750699200812675,0.3294559507971043,0.2981392832374759,0.28556110861327544,0.27299926549131404,0.315627602538375,0.3041442192151091,0.32102010345128296,0.24614719278221353,0.2346714788727457,0.2253275849543206,0.2631468508366902,0.3148348191224976,0.3104383646121763,0.22652432745775414,0.22126954134765955,0.21815154312722698,0.31568599787067453,0.34910004507820497,0.32177052868127315,0.2257681618977974,0.22558926500753418,0.22650656719457887,0.3626662447607294,0.34469150978136764,0.3345248407931301,0.22597497688611048,0.22393408109367707,0.2232339368354138,0.3450033718233475
2024-11-22 16:00:00-05:00,0.015168690624784148,0.01528431911692385,7.71002197265625,0.3717679646028029,0.3150290817092909,0.29148701648900627,0.27602070958856506,0.2603863152319966,0.29988588116841214,0.30658798095564,0.3138125854827023,0.24751838095559575,0.23368932031848677,0.22340398619144206,0.26259947676117085,0.3165438169257384,0.3085954880084391,0.2276996695659232,0.22189634540114692,0.21849215251139967,0.31606933575274837,0.34889920710476446,0.32071612218521006,0.22558451212027728,0.22496762272620363,0.22572961487465618,0.36233977218420227,0.3447356391506624,0.3338988529065969,0.22611659829077957,0.22384170361083292,0.22305005502812367,0.3448743636748401
2024-11-25 16:00:00-05:00,0.012765880380460344,0.012847712078536855,6.5799560546875,0.3664991920690493,0.29445007436558274,0.28950822710865326,0.27849967448121865,0.2648398090657775,0.30728896584928894,0.3084806735268767,0.30364252500384786,0.2495225734110201,0.23662465986374503,0.22580398381928968,0.26836417687748204,0.3161322748213794,0.3057695870101695,0.22656927121725473,0.22228208477856207,0.21947565556354437,0.31671900573612166,0.34923250749802254,0.31921037999138097,0.22559722017057046,0.22520722958398676,0.2259509019169168,0.36271764272953566,0.3450006726839034,0.33306520850579113,0.22634313041948972,0.22418113608458365,0.22338545605621882,0.34527188772126655
2024-11-26 16:00:00-05:00,0.012586025788953584,0.012665563147674197,6.57000732421875,0.360599291722152,0.2736983528339189,0.2827211560754826,0.2746951343878577,0.2625852337489279,0.3043055698921943,0.3082995804804483,0.29316860274286005,0.2499741403432416,0.23807883593062512,0.22805017106624167,0.2680034920868948,0.3164840579561752,0.3028249801590892,0.2261810433195483,0.22201321372252514,0.21941991094801847,0.31670133501782194,0.34962303901529185,0.3176609834862573,0.2253899177358301,0.2249160281464445,0.22549991112432122,0.3620025526289916,0.34525633482740814,0.3322148278986627,0.22633980629443626,0.22408667434042856,0.2232899994169331,0.34525011864289423
2024-11-27 16:00:00-05:00,-0.022369015494243236,-0.022120684156130554,-11.6199951171875,0.31518733970163826,0.30441823335365886,0.26499070115206474,0.2741849222908327,0.2693788172999165,0.30247036529647187,0.32102218613535816,0.30478810275462725,0.2568972498911175,0.24539439518716588,0.2351072224958501,0.27500729505220234,0.31737445300943756,0.30501066276763206,0.22842735595289762,0.2240875821752541,0.22023131636251808,0.31666941331059334,0.3369594128030878,0.3183313419552902,0.22342032655441652,0.22461138066174866,0.22594615903275225,0.3595184668336286,0.34586187290930215,0.3324176289117742,0.22684599132434552,0.22470061306669084,0.2239011556019308,0.3455166851880388
2024-11-29 16:00:00-05:00,0.004370593940719714,0.004380158916214905,2.25,0.30917134999913637,0.2786861116301969,0.24444255424259273,0.2509476958639163,0.2461702194389977,0.284150672198848,0.3210743252250952,0.2909701265505544,0.2538839239793678,0.24170789788698058,0.23008919963274313,0.2712999417571164,0.31696398773556783,0.3004353442928588,0.22810097905710267,0.22363928464741986,0.2197733724604886,0.3166256591252027,0.336950714700503,0.3159394232687642,0.22182777797557304,0.22246958178064538,0.22265196348875235,0.3578317961274944,0.34578688890089676,0.33115878251933456,0.2266084483977365,0.22452134334109172,0.22377808217775708,0.34547451593784695
2024-12-02 16:00:00-05:00,0.0005232277642017989,0.0005233646717253126,0.27001953125,0.3093546754512631,0.25448445945170955,0.24019599907704878,0.24446080996351635,0.23898593585454092,0.2804418312277182,0.31240947887566944,0.27746939543418375,0.25280401934317753,0.24232019297315932,0.23145417528032122,0.2721529032916231,0.31687959475373806,0.2957044590998626,0.22493418908169346,0.21929446368986708,0.21491696266791135,0.31391023821396224,0.3363466269578095,0.3134437605336227,0.2206904587625058,0.22147313996679974,0.22183803247209705,0.35735901062836806,0.3456524976943716,0.3298480245041683,0.22619540910129166,0.22409059901973807,0.22333476228111893,0.3452270886639698
2024-12-03 16:00:00-05:00,0.00011622253139964321,0.00011622928549970268,0.05999755859375,0.17165786534384045,0.2324438141819801,0.20402476447552131,0.21507254149570348,0.21860328036283208,0.24762298141594974,0.3118026532673022,0.26462933772992914,0.2539480978251187,0.2452487724116937,0.23648230490188818,0.27721527906303267,0.3163793174716732,0.29104787081683625,0.22510550584327826,0.2196122853659423,0.21591249058280407,0.3150111024081288,0.335164653924591,0.3109660248460209,0.22103563960864664,0.2220400680630353,0.22274336945113732,0.3580348093681695,0.34563980294167657,0.32854171724719156,0.22634530794536756,0.22423545777278,0.22358365617589332,0.34551666301177647
2024-12-04 16:00:00-05:00,0.03843737090146115,0.03918564305984917,20.22998046875,0.23448558358830623,0.31384296062025707,0.2285432106245368,0.23726431717728536,0.23827966514374466,0.2709476494037347,0.3337054501273931,0.3062466996557066,0.26520150684679644,0.2556499251143715,0.24592969774185422,0.2872082094566631,0.32554612585443593,0.3055129060187672,0.2287957036075086,0.22268899495034802,0.21844443279369893,0.31786397198905314,0.3386181817650663,0.3178046724217974,0.22269009354212746,0.2235728573623159,0.2240892292857168,0.35931283329989305,0.34762054391198494,0.3316842343653285,0.22723930637407463,0.22493119632653857,0.22407942425933222,0.3459523677484514
2024-12-05 16:00:00-05:00,0.0032194397109361972,0.003224627672911984,1.72998046875,0.23288358500549244,0.28765932468931976,0.23174112586701714,0.24156994647793878,0.24273946169424213,0.2721066788069421,0.33319613091875655,0.29207637385954954,0.2668960027860977,0.25805591982653475,0.24845231332832873,0.2895313348860292,0.3253262337862172,0.3007399603844903,0.22765637843324685,0.22149803127548348,0.21734844274448592,0.3170518567941192,0.3385860321436787,0.31533562046780883,0.2223791969291363,0.22305805540680407,0.22278684596762333,0.3586922145680291,0.34762322082056185,0.33039575763362805,0.22723653856308734,0.2249551779873099,0.22406000267827456,0.34570890384139735
2024-12-06 16:00:00-05:00,0.02701836183588365,0.027386667295669076,14.74005126953125,0.24827287293621017,0.2913256895532135,0.22969760425501481,0.23662304223319258,0.23562730992266614,0.26488191255234833,0.32248624904074563,0.2976262315769965,0.2647008202787324,0.25771534738647023,0.24886346271752915,0.28792719274824596,0.3291666357569218,0.3043829198957686,0.22803850762477185,0.2211947404219505,0.21675694731844308,0.31734590979672317,0.3399243043119453,0.31719506919719004,0.2222075279719382,0.22280683663163978,0.222405207970425,0.35874826050432457,0.3485456155160928,0.33122447823106316,0.22715100451628462,0.22497605665919193,0.22412081356086297,0.3457545144503202
2024-12-09 16:00:00-05:00,-0.009138177716491546,-0.009096551463034563,-5.030029296875,0.26328667855487387,0.29144270738289096,0.2205583195512822,0.22031473415359762,0.21546209233317368,0.2526336705329511,0.3231650454735306,0.2931673193559389,0.2607761942933977,0.2534993247483342,0.24335384954952682,0.2812722750355532,0.32915276994024173,0.3012887208034601,0.22838450002791336,0.22097869813850154,0.2157585116392122,0.3162149244888374,0.3397320745100094,0.3153354343772761,0.2220542721354057,0.22252410968731565,0.22210103107774723,0.3566382290083969,0.34795424434668315,0.33019543081011,0.22715750190967865,0.22502599376157292,0.22417042569305898,0.3457698284226144
2024-12-10 16:00:00-05:00,-0.001607344587062917,-0.0016060535005850696,-0.8800048828125,0.2632462704420264,0.27120371662704623,0.21655824429942325,0.22206778488584225,0.21985808038818458,0.2532649560924657,0.31818286605628854,0.28131611445800686,0.2585539066068394,0.25341212671014496,0.2444811918460747,0.28006138182737017,0.328399871312804,0.2967119500715274,0.2244747257186917,0.21593736591374943,0.20843000294419314,0.311773169330393,0.33969534823489483,0.31288165944231294,0.22205056379527144,0.2227926240815461,0.22248195321872513,0.3566022232426518,0.3479476472259209,0.3289009099560821,0.22718058084012469,0.22511639301947492,0.22426659314270142,0.3457499245645034
2024-12-11 16:00:00-05:00,0.005250800472415788,0.005264610085143451,2.8800048828125,0.26082007559571524,0.24757739156616063,0.21653493904472393,0.22149577034822218,0.21968641570579453,0.24653386848805314,0.31360773925317365,0.26824408300505853,0.25499051208832835,0.2525006489571698,0.24464967885421277,0.27904948020871273,0.3278132964623886,0.292190808570567,0.22358908096396599,0.21483497793383055,0.20671420643176616,0.3107162234829657,0.3395735461871012,0.3105313791254166,0.22158142274864484,0.22292043103105968,0.2229033968892654,0.356097011476122,0.34708727584092713,0.3276676210713089,0.22710244567074722,0.22513743730363125,0.22435936088147274,0.3455896109918982
2024-12-12 16:00:00-05:00,-0.14725542066422562,-0.13692649754668484,-75.29998779296875,0.7711812482959504,0.9739434347191555,0.2512928408565261,0.25728422112984023,0.2524164899332031,0.6452037060259349,0.588867315395172,0.7548586349367891,0.2551392255397924,0.26270725338228146,0.258225654236693,0.5079487326565134,0.4037945542607528,0.5053115610399745,0.22880833639564746,0.22004821292939694,0.211447181857821,0.3458894141810743,0.3993826278134395,0.4258518546871357,0.22467938088323458,0.22596420041569013,0.22564611495441397,0.3972416569620823,0.3765522696963991,0.38709051688770957,0.22867967432094535,0.22686158782540705,0.22596003220093397,0.3669714199188891
2024-12-13 16:00:00-05:00,-0.019015381467682536,-0.01883572961977731,-8.94000244140625,0.7699064223812666,0.8891065707425732,0.2579618487671028,0.266717964662262,0.2681731195633838,0.651327006460316,0.5876314160603096,0.721195200237743,0.25668195020976725,0.2644376747530925,0.262642391433217,0.5100800814568223,0.40155128410668384,0.49942634291016486,0.23053128579554336,0.2245685567815618,0.21814660623406412,0.34895976032169557,0.3507204067652659,0.4239255640573528,0.2261915493669083,0.22766670929155589,0.22789382528419497,0.34125456970022394,0.37672395886075527,0.3864231691988519,0.22945094632893134,0.22775616902673593,0.22708354168824973,0.3675743325266905
2024-12-16 16:00:00-05:00,-0.008973127346659317,-0.008932988984733048,-4.160003662109375,0.7667458277428181,0.8144426458775682,0.26807498155704795,0.27802270105089705,0.2817804791889788,0.654020217629662,0.5876730219437372,0.687652167365826,0.2588608987178474,0.2660892398776968,0.265598468032316,0.51238230557849,0.4012327454531422,0.4918236648027352,0.23093229760222767,0.22571810750748922,0.22017731960622453,0.3498010768855192,0.3505160560947395,0.4208220630501296,0.22477756994736633,0.22575042606745668,0.22494485400284134,0.3396073046205162,0.37122032859222903,0.38506457612466816,0.2295000180588486,0.2278696410977832,0.22727082560049622,0.3640937317316952
2024-12-17 16:00:00-05:00,-0.013744244731646187,-0.013650223841638942,-6.29998779296875,0.7647891326227633,0.7439587556385371,0.27793708325507716,0.28969669729592823,0.2933254507514669,0.6594316863294689,0.5656412200998604,0.6558868073961073,0.2444765582244229,0.2553506162695483,0.25770542464249974,0.5050188567700991,0.4012635788370072,0.4849372947171313,0.23211652944810562,0.22794938122858188,0.2227374666340114,0.35095567883925405,0.3508095323057389,0.41816622853832314,0.22438766449885572,0.22533975995829958,0.2242934044811476,0.3390435736201309,0.3714396325691212,0.3839678790419549,0.22975106821483668,0.22814561114152448,0.22749103196748108,0.36416382737117936
2024-12-18 16:00:00-05:00,-0.031055239062355845,-0.030577978366528313,-13.920013427734375,0.7674817045977491,0.6844614463870978,0.28410518314617605,0.2886995610801371,0.28713746075923335,0.6584449399909547,0.5728963847767217,0.6328342503393203,0.251061424221815,0.25881095523423103,0.25968283880395243,0.5061732045269454,0.39826033487169116,0.483336968804741,0.2341878418068192,0.2291938704925685,0.22357326983824757,0.34906774076348923,0.3533395422493919,0.4188475023253068,0.2250358157367836,0.22515437868512128,0.2237518207138158,0.33869092387847016,0.3717719537653393,0.3847873322620265,0.22992887665251432,0.22792981064312556,0.22715157560866145,0.36391024464106864
2024-12-19 16:00:00-05:00,-0.008922291705016218,-0.008882606176706442,-3.91998291015625,0.7173746644360488,0.6283361744766165,0.2721267690063033,0.2796057110413095,0.28229683246026227,0.6481784575652081,0.5725441299404723,0.6035793159091478,0.25555711837052175,0.2636629147720378,0.26554361982192626,0.5097136747458484,0.3983190356182105,0.47588002330877865,0.23452323008329964,0.22924952992249592,0.22381042348502583,0.3494750008745748,0.3521995437134145,0.41573438411502217,0.22558623213069343,0.2256562177801507,0.22436326468405493,0.33853964200601,0.37170529897157784,0.383417261318978,0.23003569588013775,0.22797117004669334,0.22720545158145763,0.36398509982478605
2024-12-20 16:00:00-05:00,0.022113586436852645,0.022359904094193306,9.779998779296875,0.7372583787847435,0.624848072102498,0.2935541114611586,0.2937293286367553,0.2927205356936607,0.6549239302024003,0.5807176254798242,0.5970774709174851,0.2662398102226637,0.2703591667854129,0.26998050066793716,0.5108017549790466,0.40055352581372966,0.47429535182670407,0.23957973485981185,0.23303877172416582,0.22678903695284622,0.3521474109708632,0.3530403729932574,0.41534321524596,0.22781181131254613,0.22736529596461025,0.2257990445421057,0.33998037840842854,0.37220876694585103,0.38331700796524687,0.23095003862689253,0.2284274449038948,0.22725291928768984,0.36429994937153015
2024-12-23 16:00:00-05:00,-0.0009621174945336736,-0.0009616548078952292,-0.430023193359375,0.7068412100553222,0.5739139430331823,0.2919085833434224,0.2953322045349923,0.29557733026770483,0.6476315412404278,0.5783766473921692,0.5704744563261525,0.2610378996751599,0.2634204328194687,0.2620254836656156,0.5061591763266687,0.4004575796037158,0.4668952404638565,0.2397417056970049,0.2334279432381006,0.22726160340441637,0.35238128125025386,0.35292216191095677,0.4120667918826459,0.22800236446235309,0.22763218997122314,0.2260699850151239,0.34007045975694283,0.3721229749182806,0.38179895625688187,0.23085827125740072,0.22831764793156734,0.22715154157012601,0.36405164146635893
2024-12-24 16:00:00-05:00,0.002682552278962161,0.002686153541798797,1.20001220703125,0.7133962974364374,0.5293094555580006,0.28825643403763956,0.29348012941944857,0.29553921984491127,0.6442785368260113,0.5742799746729579,0.5462589626884908,0.2588883464536749,0.2635720518884266,0.26354807894909366,0.506400498814957,0.4001387923290345,0.45989275630838716,0.23924793347421996,0.2334923476619332,0.227723413068171,0.35233613148464016,0.3529050543430673,0.40892179900577824,0.2281957891639316,0.22788318976577426,0.22641599569102722,0.34022610683437826,0.3721411006723844,0.38032395114132056,0.23093954285010984,0.2284326710762778,0.22730897181411222,0.36413553429188456
2024-12-26 16:00:00-05:00,0.004943782935529815,0.004956023593792658,2.220001220703125,0.717937776370864,0.48926862426023054,0.28890497686988265,0.29297283994167156,0.2942787815290966,0.6430092361281241,0.5716274484112515,0.5238845131941103,0.2582002146837415,0.26182082241666443,0.2615203498601787,0.501281286976684,0.40036405926174734,0.4532694146512349,0.2391612077413477,0.2333875111487195,0.2275443434019294,0.35207721654955093,0.3494868299893166,0.40592815749172534,0.22707998869143806,0.22724774434314704,0.2260458754598504,0.3395586146519632,0.3721908866660017,0.3789120251518941,0.23110865870203104,0.22859248962977394,0.22744902742399156,0.3642590128604855
2024-12-27 16:00:00-05:00,-0.008208452173433673,-0.008174854820161781,-3.67999267578125,0.709930597797121,0.4469835157823358,0.28915516941383207,0.2937183619176688,0.29511596042233995,0.6404947667038476,0.5672861927644459,0.49960866637947426,0.2587421446080061,0.2634778190884043,0.2633564892359232,0.5010228008817762,0.4005169689615401,0.4463402166691705,0.24011757914867402,0.23475562269799732,0.2289243653627416,0.35294665879590786,0.34872017156967744,0.4029097182118529,0.227130856556718,0.2275065503958103,0.22641412713583148,0.3397165648964725,0.3722497968648624,0.37754756279345997,0.23133202251225354,0.2289198227071075,0.22780919446429712,0.3645164804808467
2024-12-30 16:00:00-05:00,-0.0015242375172543172,-0.0015230764572351507,-0.680023193359375,0.219351211140708,0.4089210239687639,0.2609460056660495,0.26594406549267624,0.2708766224704402,0.2785853866727858,0.5651053900220102,0.4768647036255179,0.2529461377378101,0.25823159949415275,0.2590450806444,0.49860740568729667,0.40028690420706325,0.4393436009498743,0.24085145278992195,0.23585193297527832,0.23018327763468385,0.3538438808756736,0.3484433978397473,0.399726040431014,0.2271121186011805,0.22782056028505748,0.22690488405941708,0.3399218996303145,0.37224992950932706,0.37605287054213926,0.23159151941633624,0.22925709995890475,0.22817804652761797,0.36479449219802235
2024-12-31 16:00:00-05:00,-0.002515487674812362,-0.0025123264868899264,-1.1199951171875,0.20802942205499847,0.373644708234978,0.2386412378524443,0.24064385921759374,0.2406280404636742,0.25250897688583235,0.5639002884791807,0.4549313755058747,0.2538062960027571,0.25937240101025194,0.2599381233549465,0.4972059390714163,0.396514916696989,0.432431261494413,0.23819884938641486,0.2347709091214457,0.2298556034824083,0.3530545225074812,0.3477461429801533,0.39656715634116835,0.22685945576855646,0.22776478727152583,0.2268961187562959,0.3398415967604908,0.3722405246078935,0.3745690757425479,0.23158512236951004,0.22923691866830523,0.2281519095404546,0.3647827279306235
